Comunidades autónomas;Tipo de dato;Periodo;Total
Total;Dato base;2020M03;2018323.00
Total;Dato base;2020M02;4423576.00
Total;Dato base;2020M01;4138371.00
Total;Dato base;2019M12;4314612.00
Total;Dato base;2019M11;4664345.00
Total;Dato base;2019M10;7624486.00
Total;Dato base;2019M09;8914761.00
Total;Dato base;2019M08;10121985.00
Total;Dato base;2019M07;9887047.00
Total;Dato base;2019M06;8828499.00
Total;Dato base;2019M05;7952788.00
Total;Dato base;2019M04;7169675.00
Total;Dato base;2019M03;5649577.00
Total;Dato base;2019M02;4380504.00
Total;Dato base;2019M01;4195641.00
Total;Dato base;2018M12;4354798.00
Total;Dato base;2018M11;4536873.00
Total;Dato base;2018M10;7649860.00
Total;Dato base;2018M09;8932308.00
Total;Dato base;2018M08;10175761.00
Total;Dato base;2018M07;10020246.00
Total;Dato base;2018M06;8554306.00
Total;Dato base;2018M05;8086048.00
Total;Dato base;2018M04;6780378.00
Total;Dato base;2018M03;5393186.00
Total;Dato base;2018M02;4218047.00
Total;Dato base;2018M01;4106601.00
Total;Dato base;2017M12;3982530.00
Total;Dato base;2017M11;4392575.00
Total;Dato base;2017M10;7269931.00
Total;Dato base;2017M09;8877270.00
Total;Dato base;2017M08;10397745.00
Total;Dato base;2017M07;10493438.00
Total;Dato base;2017M06;8431975.00
Total;Dato base;2017M05;8002648.00
Total;Dato base;2017M04;7081594.00
Total;Dato base;2017M03;4913943.00
Total;Dato base;2017M02;4119137.00
Total;Dato base;2017M01;3905736.00
Total;Dato base;2016M12;3990446.00
Total;Dato base;2016M11;4098262.00
Total;Dato base;2016M10;7137723.00
Total;Dato base;2016M09;7932607.00
Total;Dato base;2016M08;10027471.00
Total;Dato base;2016M07;9545792.00
Total;Dato base;2016M06;7552758.00
Total;Dato base;2016M05;7111154.00
Total;Dato base;2016M04;6086327.00
Total;Dato base;2016M03;4627206.00
Total;Dato base;2016M02;3678726.00
Total;Dato base;2016M01;3526537.00
Total;Dato base;2015M12;3512914.00
Total;Dato base;2015M11;3754802.00
Total;Dato base;2015M10;6432341.00
Total;Tasa de variación anual;2020M03;-64.27
Total;Tasa de variación anual;2020M02;0.98
Total;Tasa de variación anual;2020M01;-1.36
Total;Tasa de variación anual;2019M12;-0.92
Total;Tasa de variación anual;2019M11;2.81
Total;Tasa de variación anual;2019M10;-0.33
Total;Tasa de variación anual;2019M09;-0.20
Total;Tasa de variación anual;2019M08;-0.53
Total;Tasa de variación anual;2019M07;-1.33
Total;Tasa de variación anual;2019M06;3.21
Total;Tasa de variación anual;2019M05;-1.65
Total;Tasa de variación anual;2019M04;5.74
Total;Tasa de variación anual;2019M03;4.75
Total;Tasa de variación anual;2019M02;3.85
Total;Tasa de variación anual;2019M01;2.17
Total;Tasa de variación anual;2018M12;9.35
Total;Tasa de variación anual;2018M11;3.29
Total;Tasa de variación anual;2018M10;5.23
Total;Tasa de variación anual;2018M09;0.62
Total;Tasa de variación anual;2018M08;-2.13
Total;Tasa de variación anual;2018M07;-4.51
Total;Tasa de variación anual;2018M06;1.45
Total;Tasa de variación anual;2018M05;1.04
Total;Tasa de variación anual;2018M04;-4.25
Total;Tasa de variación anual;2018M03;9.75
Total;Tasa de variación anual;2018M02;2.40
Total;Tasa de variación anual;2018M01;5.14
Total;Tasa de variación anual;2017M12;-0.20
Total;Tasa de variación anual;2017M11;7.18
Total;Tasa de variación anual;2017M10;1.85
Total;Tasa de variación anual;2017M09;11.91
Total;Tasa de variación anual;2017M08;3.69
Total;Tasa de variación anual;2017M07;9.93
Total;Tasa de variación anual;2017M06;11.64
Total;Tasa de variación anual;2017M05;12.54
Total;Tasa de variación anual;2017M04;16.35
Total;Tasa de variación anual;2017M03;6.20
Total;Tasa de variación anual;2017M02;11.97
Total;Tasa de variación anual;2017M01;10.75
Total;Tasa de variación anual;2016M12;13.59
Total;Tasa de variación anual;2016M11;9.15
Total;Tasa de variación anual;2016M10;10.97
Total;Tasa de variación anual;2016M09;9.52
Total;Tasa de variación anual;2016M08;6.34
Total;Tasa de variación anual;2016M07;9.99
Total;Tasa de variación anual;2016M06;12.89
Total;Tasa de variación anual;2016M05;8.19
Total;Tasa de variación anual;2016M04;11.59
Total;Tasa de variación anual;2016M03;15.45
Total;Tasa de variación anual;2016M02;13.95
Total;Tasa de variación anual;2016M01;11.04
Total;Tasa de variación anual;2015M12;7.92
Total;Tasa de variación anual;2015M11;10.56
Total;Tasa de variación anual;2015M10;8.89
Total;Acumulado en lo que va de año;2020M03;10580270.00
Total;Acumulado en lo que va de año;2020M02;8561947.00
Total;Acumulado en lo que va de año;2020M01;4138371.00
Total;Acumulado en lo que va de año;2019M12;83701011.00
Total;Acumulado en lo que va de año;2019M11;79386398.00
Total;Acumulado en lo que va de año;2019M10;74722053.00
Total;Acumulado en lo que va de año;2019M09;67097568.00
Total;Acumulado en lo que va de año;2019M08;58182807.00
Total;Acumulado en lo que va de año;2019M07;48060821.00
Total;Acumulado en lo que va de año;2019M06;38173774.00
Total;Acumulado en lo que va de año;2019M05;29345275.00
Total;Acumulado en lo que va de año;2019M04;21392487.00
Total;Acumulado en lo que va de año;2019M03;14225723.00
Total;Acumulado en lo que va de año;2019M02;8576146.00
Total;Acumulado en lo que va de año;2019M01;4195641.00
Total;Acumulado en lo que va de año;2018M12;82808413.00
Total;Acumulado en lo que va de año;2018M11;78453616.00
Total;Acumulado en lo que va de año;2018M10;73916743.00
Total;Acumulado en lo que va de año;2018M09;66266882.00
Total;Acumulado en lo que va de año;2018M08;57334574.00
Total;Acumulado en lo que va de año;2018M07;47158813.00
Total;Acumulado en lo que va de año;2018M06;37138567.00
Total;Acumulado en lo que va de año;2018M05;28584261.00
Total;Acumulado en lo que va de año;2018M04;20498213.00
Total;Acumulado en lo que va de año;2018M03;13717834.00
Total;Acumulado en lo que va de año;2018M02;8324648.00
Total;Acumulado en lo que va de año;2018M01;4106601.00
Total;Acumulado en lo que va de año;2017M12;81868522.00
Total;Acumulado en lo que va de año;2017M11;77885991.00
Total;Acumulado en lo que va de año;2017M10;73493416.00
Total;Acumulado en lo que va de año;2017M09;66223486.00
Total;Acumulado en lo que va de año;2017M08;57346216.00
Total;Acumulado en lo que va de año;2017M07;46948471.00
Total;Acumulado en lo que va de año;2017M06;36455033.00
Total;Acumulado en lo que va de año;2017M05;28023059.00
Total;Acumulado en lo que va de año;2017M04;20020410.00
Total;Acumulado en lo que va de año;2017M03;12938816.00
Total;Acumulado en lo que va de año;2017M02;8024873.00
Total;Acumulado en lo que va de año;2017M01;3905736.00
Total;Acumulado en lo que va de año;2016M12;75315008.00
Total;Acumulado en lo que va de año;2016M11;71324562.00
Total;Acumulado en lo que va de año;2016M10;67226301.00
Total;Acumulado en lo que va de año;2016M09;60088578.00
Total;Acumulado en lo que va de año;2016M08;52155971.00
Total;Acumulado en lo que va de año;2016M07;42128500.00
Total;Acumulado en lo que va de año;2016M06;32582708.00
Total;Acumulado en lo que va de año;2016M05;25029951.00
Total;Acumulado en lo que va de año;2016M04;17918796.00
Total;Acumulado en lo que va de año;2016M03;11832469.00
Total;Acumulado en lo que va de año;2016M02;7205263.00
Total;Acumulado en lo que va de año;2016M01;3526537.00
Total;Acumulado en lo que va de año;2015M12;
Total;Acumulado en lo que va de año;2015M11;
Total;Acumulado en lo que va de año;2015M10;
Total;Tasa de variación acumulada;2020M03;-25.63
Total;Tasa de variación acumulada;2020M02;-0.17
Total;Tasa de variación acumulada;2020M01;-1.36
Total;Tasa de variación acumulada;2019M12;1.08
Total;Tasa de variación acumulada;2019M11;1.19
Total;Tasa de variación acumulada;2019M10;1.09
Total;Tasa de variación acumulada;2019M09;1.25
Total;Tasa de variación acumulada;2019M08;1.48
Total;Tasa de variación acumulada;2019M07;1.91
Total;Tasa de variación acumulada;2019M06;2.79
Total;Tasa de variación acumulada;2019M05;2.66
Total;Tasa de variación acumulada;2019M04;4.36
Total;Tasa de variación acumulada;2019M03;3.70
Total;Tasa de variación acumulada;2019M02;3.02
Total;Tasa de variación acumulada;2019M01;2.17
Total;Tasa de variación acumulada;2018M12;1.15
Total;Tasa de variación acumulada;2018M11;0.73
Total;Tasa de variación acumulada;2018M10;0.58
Total;Tasa de variación acumulada;2018M09;0.07
Total;Tasa de variación acumulada;2018M08;-0.02
Total;Tasa de variación acumulada;2018M07;0.45
Total;Tasa de variación acumulada;2018M06;1.88
Total;Tasa de variación acumulada;2018M05;2.00
Total;Tasa de variación acumulada;2018M04;2.39
Total;Tasa de variación acumulada;2018M03;6.02
Total;Tasa de variación acumulada;2018M02;3.74
Total;Tasa de variación acumulada;2018M01;5.14
Total;Tasa de variación acumulada;2017M12;8.70
Total;Tasa de variación acumulada;2017M11;9.20
Total;Tasa de variación acumulada;2017M10;9.32
Total;Tasa de variación acumulada;2017M09;10.21
Total;Tasa de variación acumulada;2017M08;9.95
Total;Tasa de variación acumulada;2017M07;11.44
Total;Tasa de variación acumulada;2017M06;11.88
Total;Tasa de variación acumulada;2017M05;11.96
Total;Tasa de variación acumulada;2017M04;11.73
Total;Tasa de variación acumulada;2017M03;9.35
Total;Tasa de variación acumulada;2017M02;11.38
Total;Tasa de variación acumulada;2017M01;10.75
Total;Tasa de variación acumulada;2016M12;10.46
Total;Tasa de variación acumulada;2016M11;10.29
Total;Tasa de variación acumulada;2016M10;10.36
Total;Tasa de variación acumulada;2016M09;10.29
Total;Tasa de variación acumulada;2016M08;10.41
Total;Tasa de variación acumulada;2016M07;11.42
Total;Tasa de variación acumulada;2016M06;11.85
Total;Tasa de variación acumulada;2016M05;11.54
Total;Tasa de variación acumulada;2016M04;12.93
Total;Tasa de variación acumulada;2016M03;13.64
Total;Tasa de variación acumulada;2016M02;12.50
Total;Tasa de variación acumulada;2016M01;11.04
Total;Tasa de variación acumulada;2015M12;
Total;Tasa de variación acumulada;2015M11;
Total;Tasa de variación acumulada;2015M10;
01 Andalucía;Dato base;2020M03;302928.00
01 Andalucía;Dato base;2020M02;625033.00
01 Andalucía;Dato base;2020M01;606190.00
01 Andalucía;Dato base;2019M12;559377.00
01 Andalucía;Dato base;2019M11;614040.00
01 Andalucía;Dato base;2019M10;1199848.00
01 Andalucía;Dato base;2019M09;1401442.00
01 Andalucía;Dato base;2019M08;1396903.00
01 Andalucía;Dato base;2019M07;1261605.00
01 Andalucía;Dato base;2019M06;1243679.00
01 Andalucía;Dato base;2019M05;1212454.00
01 Andalucía;Dato base;2019M04;1139274.00
01 Andalucía;Dato base;2019M03;842934.00
01 Andalucía;Dato base;2019M02;626983.00
01 Andalucía;Dato base;2019M01;574761.00
01 Andalucía;Dato base;2018M12;552595.00
01 Andalucía;Dato base;2018M11;604357.00
01 Andalucía;Dato base;2018M10;1140163.00
01 Andalucía;Dato base;2018M09;1319350.00
01 Andalucía;Dato base;2018M08;1424410.00
01 Andalucía;Dato base;2018M07;1327577.00
01 Andalucía;Dato base;2018M06;1168948.00
01 Andalucía;Dato base;2018M05;1193716.00
01 Andalucía;Dato base;2018M04;1044566.00
01 Andalucía;Dato base;2018M03;787749.00
01 Andalucía;Dato base;2018M02;579798.00
01 Andalucía;Dato base;2018M01;538026.00
01 Andalucía;Dato base;2017M12;510486.00
01 Andalucía;Dato base;2017M11;569632.00
01 Andalucía;Dato base;2017M10;1119427.00
01 Andalucía;Dato base;2017M09;1327059.00
01 Andalucía;Dato base;2017M08;1422593.00
01 Andalucía;Dato base;2017M07;1356267.00
01 Andalucía;Dato base;2017M06;1164980.00
01 Andalucía;Dato base;2017M05;1176002.00
01 Andalucía;Dato base;2017M04;1044661.00
01 Andalucía;Dato base;2017M03;720603.00
01 Andalucía;Dato base;2017M02;584543.00
01 Andalucía;Dato base;2017M01;522009.00
01 Andalucía;Dato base;2016M12;495562.00
01 Andalucía;Dato base;2016M11;548318.00
01 Andalucía;Dato base;2016M10;1094199.00
01 Andalucía;Dato base;2016M09;1117892.00
01 Andalucía;Dato base;2016M08;1374753.00
01 Andalucía;Dato base;2016M07;1211907.00
01 Andalucía;Dato base;2016M06;1057266.00
01 Andalucía;Dato base;2016M05;1091989.00
01 Andalucía;Dato base;2016M04;967258.00
01 Andalucía;Dato base;2016M03;683760.00
01 Andalucía;Dato base;2016M02;493279.00
01 Andalucía;Dato base;2016M01;453459.00
01 Andalucía;Dato base;2015M12;446806.00
01 Andalucía;Dato base;2015M11;487964.00
01 Andalucía;Dato base;2015M10;996515.00
01 Andalucía;Tasa de variación anual;2020M03;-64.06
01 Andalucía;Tasa de variación anual;2020M02;-0.31
01 Andalucía;Tasa de variación anual;2020M01;5.47
01 Andalucía;Tasa de variación anual;2019M12;1.23
01 Andalucía;Tasa de variación anual;2019M11;1.60
01 Andalucía;Tasa de variación anual;2019M10;5.23
01 Andalucía;Tasa de variación anual;2019M09;6.22
01 Andalucía;Tasa de variación anual;2019M08;-1.93
01 Andalucía;Tasa de variación anual;2019M07;-4.97
01 Andalucía;Tasa de variación anual;2019M06;6.39
01 Andalucía;Tasa de variación anual;2019M05;1.57
01 Andalucía;Tasa de variación anual;2019M04;9.07
01 Andalucía;Tasa de variación anual;2019M03;7.01
01 Andalucía;Tasa de variación anual;2019M02;8.14
01 Andalucía;Tasa de variación anual;2019M01;6.83
01 Andalucía;Tasa de variación anual;2018M12;8.25
01 Andalucía;Tasa de variación anual;2018M11;6.10
01 Andalucía;Tasa de variación anual;2018M10;1.85
01 Andalucía;Tasa de variación anual;2018M09;-0.58
01 Andalucía;Tasa de variación anual;2018M08;0.13
01 Andalucía;Tasa de variación anual;2018M07;-2.12
01 Andalucía;Tasa de variación anual;2018M06;0.34
01 Andalucía;Tasa de variación anual;2018M05;1.51
01 Andalucía;Tasa de variación anual;2018M04;-0.01
01 Andalucía;Tasa de variación anual;2018M03;9.32
01 Andalucía;Tasa de variación anual;2018M02;-0.81
01 Andalucía;Tasa de variación anual;2018M01;3.07
01 Andalucía;Tasa de variación anual;2017M12;3.01
01 Andalucía;Tasa de variación anual;2017M11;3.89
01 Andalucía;Tasa de variación anual;2017M10;2.31
01 Andalucía;Tasa de variación anual;2017M09;18.71
01 Andalucía;Tasa de variación anual;2017M08;3.48
01 Andalucía;Tasa de variación anual;2017M07;11.91
01 Andalucía;Tasa de variación anual;2017M06;10.19
01 Andalucía;Tasa de variación anual;2017M05;7.69
01 Andalucía;Tasa de variación anual;2017M04;8.00
01 Andalucía;Tasa de variación anual;2017M03;5.39
01 Andalucía;Tasa de variación anual;2017M02;18.50
01 Andalucía;Tasa de variación anual;2017M01;15.12
01 Andalucía;Tasa de variación anual;2016M12;10.91
01 Andalucía;Tasa de variación anual;2016M11;12.37
01 Andalucía;Tasa de variación anual;2016M10;9.80
01 Andalucía;Tasa de variación anual;2016M09;11.00
01 Andalucía;Tasa de variación anual;2016M08;5.77
01 Andalucía;Tasa de variación anual;2016M07;11.31
01 Andalucía;Tasa de variación anual;2016M06;15.26
01 Andalucía;Tasa de variación anual;2016M05;15.07
01 Andalucía;Tasa de variación anual;2016M04;15.63
01 Andalucía;Tasa de variación anual;2016M03;29.90
01 Andalucía;Tasa de variación anual;2016M02;20.68
01 Andalucía;Tasa de variación anual;2016M01;21.63
01 Andalucía;Tasa de variación anual;2015M12;28.01
01 Andalucía;Tasa de variación anual;2015M11;26.71
01 Andalucía;Tasa de variación anual;2015M10;20.59
01 Andalucía;Acumulado en lo que va de año;2020M03;1534151.00
01 Andalucía;Acumulado en lo que va de año;2020M02;1231223.00
01 Andalucía;Acumulado en lo que va de año;2020M01;606190.00
01 Andalucía;Acumulado en lo que va de año;2019M12;12079017.00
01 Andalucía;Acumulado en lo que va de año;2019M11;11519640.00
01 Andalucía;Acumulado en lo que va de año;2019M10;10905601.00
01 Andalucía;Acumulado en lo que va de año;2019M09;9705753.00
01 Andalucía;Acumulado en lo que va de año;2019M08;8304311.00
01 Andalucía;Acumulado en lo que va de año;2019M07;6907407.00
01 Andalucía;Acumulado en lo que va de año;2019M06;5645802.00
01 Andalucía;Acumulado en lo que va de año;2019M05;4402123.00
01 Andalucía;Acumulado en lo que va de año;2019M04;3189668.00
01 Andalucía;Acumulado en lo que va de año;2019M03;2044678.00
01 Andalucía;Acumulado en lo que va de año;2019M02;1201744.00
01 Andalucía;Acumulado en lo que va de año;2019M01;574761.00
01 Andalucía;Acumulado en lo que va de año;2018M12;11681256.00
01 Andalucía;Acumulado en lo que va de año;2018M11;11128661.00
01 Andalucía;Acumulado en lo que va de año;2018M10;10524304.00
01 Andalucía;Acumulado en lo que va de año;2018M09;9384140.00
01 Andalucía;Acumulado en lo que va de año;2018M08;8064790.00
01 Andalucía;Acumulado en lo que va de año;2018M07;6640380.00
01 Andalucía;Acumulado en lo que va de año;2018M06;5312803.00
01 Andalucía;Acumulado en lo que va de año;2018M05;4143855.00
01 Andalucía;Acumulado en lo que va de año;2018M04;2950139.00
01 Andalucía;Acumulado en lo que va de año;2018M03;1905573.00
01 Andalucía;Acumulado en lo que va de año;2018M02;1117825.00
01 Andalucía;Acumulado en lo que va de año;2018M01;538026.00
01 Andalucía;Acumulado en lo que va de año;2017M12;11518262.00
01 Andalucía;Acumulado en lo que va de año;2017M11;11007776.00
01 Andalucía;Acumulado en lo que va de año;2017M10;10438144.00
01 Andalucía;Acumulado en lo que va de año;2017M09;9318716.00
01 Andalucía;Acumulado en lo que va de año;2017M08;7991658.00
01 Andalucía;Acumulado en lo que va de año;2017M07;6569064.00
01 Andalucía;Acumulado en lo que va de año;2017M06;5212797.00
01 Andalucía;Acumulado en lo que va de año;2017M05;4047817.00
01 Andalucía;Acumulado en lo que va de año;2017M04;2871815.00
01 Andalucía;Acumulado en lo que va de año;2017M03;1827155.00
01 Andalucía;Acumulado en lo que va de año;2017M02;1106552.00
01 Andalucía;Acumulado en lo que va de año;2017M01;522009.00
01 Andalucía;Acumulado en lo que va de año;2016M12;10589642.00
01 Andalucía;Acumulado en lo que va de año;2016M11;10094080.00
01 Andalucía;Acumulado en lo que va de año;2016M10;9545762.00
01 Andalucía;Acumulado en lo que va de año;2016M09;8451564.00
01 Andalucía;Acumulado en lo que va de año;2016M08;7333672.00
01 Andalucía;Acumulado en lo que va de año;2016M07;5958919.00
01 Andalucía;Acumulado en lo que va de año;2016M06;4747011.00
01 Andalucía;Acumulado en lo que va de año;2016M05;3689745.00
01 Andalucía;Acumulado en lo que va de año;2016M04;2597756.00
01 Andalucía;Acumulado en lo que va de año;2016M03;1630498.00
01 Andalucía;Acumulado en lo que va de año;2016M02;946738.00
01 Andalucía;Acumulado en lo que va de año;2016M01;453459.00
01 Andalucía;Acumulado en lo que va de año;2015M12;
01 Andalucía;Acumulado en lo que va de año;2015M11;
01 Andalucía;Acumulado en lo que va de año;2015M10;
01 Andalucía;Tasa de variación acumulada;2020M03;-24.97
01 Andalucía;Tasa de variación acumulada;2020M02;2.45
01 Andalucía;Tasa de variación acumulada;2020M01;5.47
01 Andalucía;Tasa de variación acumulada;2019M12;3.41
01 Andalucía;Tasa de variación acumulada;2019M11;3.51
01 Andalucía;Tasa de variación acumulada;2019M10;3.62
01 Andalucía;Tasa de variación acumulada;2019M09;3.43
01 Andalucía;Tasa de variación acumulada;2019M08;2.97
01 Andalucía;Tasa de variación acumulada;2019M07;4.02
01 Andalucía;Tasa de variación acumulada;2019M06;6.27
01 Andalucía;Tasa de variación acumulada;2019M05;6.23
01 Andalucía;Tasa de variación acumulada;2019M04;8.12
01 Andalucía;Tasa de variación acumulada;2019M03;7.30
01 Andalucía;Tasa de variación acumulada;2019M02;7.51
01 Andalucía;Tasa de variación acumulada;2019M01;6.83
01 Andalucía;Tasa de variación acumulada;2018M12;1.42
01 Andalucía;Tasa de variación acumulada;2018M11;1.10
01 Andalucía;Tasa de variación acumulada;2018M10;0.83
01 Andalucía;Tasa de variación acumulada;2018M09;0.70
01 Andalucía;Tasa de variación acumulada;2018M08;0.92
01 Andalucía;Tasa de variación acumulada;2018M07;1.09
01 Andalucía;Tasa de variación acumulada;2018M06;1.92
01 Andalucía;Tasa de variación acumulada;2018M05;2.37
01 Andalucía;Tasa de variación acumulada;2018M04;2.73
01 Andalucía;Tasa de variación acumulada;2018M03;4.29
01 Andalucía;Tasa de variación acumulada;2018M02;1.02
01 Andalucía;Tasa de variación acumulada;2018M01;3.07
01 Andalucía;Tasa de variación acumulada;2017M12;8.77
01 Andalucía;Tasa de variación acumulada;2017M11;9.05
01 Andalucía;Tasa de variación acumulada;2017M10;9.35
01 Andalucía;Tasa de variación acumulada;2017M09;10.26
01 Andalucía;Tasa de variación acumulada;2017M08;8.97
01 Andalucía;Tasa de variación acumulada;2017M07;10.24
01 Andalucía;Tasa de variación acumulada;2017M06;9.81
01 Andalucía;Tasa de variación acumulada;2017M05;9.70
01 Andalucía;Tasa de variación acumulada;2017M04;10.55
01 Andalucía;Tasa de variación acumulada;2017M03;12.06
01 Andalucía;Tasa de variación acumulada;2017M02;16.88
01 Andalucía;Tasa de variación acumulada;2017M01;15.12
01 Andalucía;Tasa de variación acumulada;2016M12;13.41
01 Andalucía;Tasa de variación acumulada;2016M11;13.53
01 Andalucía;Tasa de variación acumulada;2016M10;13.60
01 Andalucía;Tasa de variación acumulada;2016M09;14.11
01 Andalucía;Tasa de variación acumulada;2016M08;14.60
01 Andalucía;Tasa de variación acumulada;2016M07;16.85
01 Andalucía;Tasa de variación acumulada;2016M06;18.36
01 Andalucía;Tasa de variación acumulada;2016M05;19.28
01 Andalucía;Tasa de variación acumulada;2016M04;21.14
01 Andalucía;Tasa de variación acumulada;2016M03;24.66
01 Andalucía;Tasa de variación acumulada;2016M02;21.13
01 Andalucía;Tasa de variación acumulada;2016M01;21.63
01 Andalucía;Tasa de variación acumulada;2015M12;
01 Andalucía;Tasa de variación acumulada;2015M11;
01 Andalucía;Tasa de variación acumulada;2015M10;
04 Balears, Illes;Dato base;2020M03;116018.00
04 Balears, Illes;Dato base;2020M02;185550.00
04 Balears, Illes;Dato base;2020M01;103902.00
04 Balears, Illes;Dato base;2019M12;124929.00
04 Balears, Illes;Dato base;2019M11;182833.00
04 Balears, Illes;Dato base;2019M10;1225112.00
04 Balears, Illes;Dato base;2019M09;2006683.00
04 Balears, Illes;Dato base;2019M08;2257057.00
04 Balears, Illes;Dato base;2019M07;2344104.00
04 Balears, Illes;Dato base;2019M06;2065329.00
04 Balears, Illes;Dato base;2019M05;1701173.00
04 Balears, Illes;Dato base;2019M04;1081589.00
04 Balears, Illes;Dato base;2019M03;365813.00
04 Balears, Illes;Dato base;2019M02;184351.00
04 Balears, Illes;Dato base;2019M01;141922.00
04 Balears, Illes;Dato base;2018M12;183329.00
04 Balears, Illes;Dato base;2018M11;188018.00
04 Balears, Illes;Dato base;2018M10;1284111.00
04 Balears, Illes;Dato base;2018M09;2031600.00
04 Balears, Illes;Dato base;2018M08;2297469.00
04 Balears, Illes;Dato base;2018M07;2429816.00
04 Balears, Illes;Dato base;2018M06;2121434.00
04 Balears, Illes;Dato base;2018M05;1708101.00
04 Balears, Illes;Dato base;2018M04;930679.00
04 Balears, Illes;Dato base;2018M03;401293.00
04 Balears, Illes;Dato base;2018M02;156311.00
04 Balears, Illes;Dato base;2018M01;119437.00
04 Balears, Illes;Dato base;2017M12;99275.00
04 Balears, Illes;Dato base;2017M11;177426.00
04 Balears, Illes;Dato base;2017M10;1256543.00
04 Balears, Illes;Dato base;2017M09;2009288.00
04 Balears, Illes;Dato base;2017M08;2352198.00
04 Balears, Illes;Dato base;2017M07;2484880.00
04 Balears, Illes;Dato base;2017M06;2101520.00
04 Balears, Illes;Dato base;2017M05;1717352.00
04 Balears, Illes;Dato base;2017M04;998445.00
04 Balears, Illes;Dato base;2017M03;325442.00
04 Balears, Illes;Dato base;2017M02;162771.00
04 Balears, Illes;Dato base;2017M01;107156.00
04 Balears, Illes;Dato base;2016M12;101338.00
04 Balears, Illes;Dato base;2016M11;152665.00
04 Balears, Illes;Dato base;2016M10;1242445.00
04 Balears, Illes;Dato base;2016M09;1861414.00
04 Balears, Illes;Dato base;2016M08;2292425.00
04 Balears, Illes;Dato base;2016M07;2359490.00
04 Balears, Illes;Dato base;2016M06;1945565.00
04 Balears, Illes;Dato base;2016M05;1612832.00
04 Balears, Illes;Dato base;2016M04;770338.00
04 Balears, Illes;Dato base;2016M03;391922.00
04 Balears, Illes;Dato base;2016M02;164735.00
04 Balears, Illes;Dato base;2016M01;102379.00
04 Balears, Illes;Dato base;2015M12;95914.00
04 Balears, Illes;Dato base;2015M11;125595.00
04 Balears, Illes;Dato base;2015M10;991830.00
04 Balears, Illes;Tasa de variación anual;2020M03;-68.28
04 Balears, Illes;Tasa de variación anual;2020M02;0.65
04 Balears, Illes;Tasa de variación anual;2020M01;-26.79
04 Balears, Illes;Tasa de variación anual;2019M12;-31.86
04 Balears, Illes;Tasa de variación anual;2019M11;-2.76
04 Balears, Illes;Tasa de variación anual;2019M10;-4.59
04 Balears, Illes;Tasa de variación anual;2019M09;-1.23
04 Balears, Illes;Tasa de variación anual;2019M08;-1.76
04 Balears, Illes;Tasa de variación anual;2019M07;-3.53
04 Balears, Illes;Tasa de variación anual;2019M06;-2.64
04 Balears, Illes;Tasa de variación anual;2019M05;-0.41
04 Balears, Illes;Tasa de variación anual;2019M04;16.22
04 Balears, Illes;Tasa de variación anual;2019M03;-8.84
04 Balears, Illes;Tasa de variación anual;2019M02;17.94
04 Balears, Illes;Tasa de variación anual;2019M01;18.83
04 Balears, Illes;Tasa de variación anual;2018M12;84.67
04 Balears, Illes;Tasa de variación anual;2018M11;5.97
04 Balears, Illes;Tasa de variación anual;2018M10;2.19
04 Balears, Illes;Tasa de variación anual;2018M09;1.11
04 Balears, Illes;Tasa de variación anual;2018M08;-2.33
04 Balears, Illes;Tasa de variación anual;2018M07;-2.22
04 Balears, Illes;Tasa de variación anual;2018M06;0.95
04 Balears, Illes;Tasa de variación anual;2018M05;-0.54
04 Balears, Illes;Tasa de variación anual;2018M04;-6.79
04 Balears, Illes;Tasa de variación anual;2018M03;23.31
04 Balears, Illes;Tasa de variación anual;2018M02;-3.97
04 Balears, Illes;Tasa de variación anual;2018M01;11.46
04 Balears, Illes;Tasa de variación anual;2017M12;-2.04
04 Balears, Illes;Tasa de variación anual;2017M11;16.22
04 Balears, Illes;Tasa de variación anual;2017M10;1.13
04 Balears, Illes;Tasa de variación anual;2017M09;7.94
04 Balears, Illes;Tasa de variación anual;2017M08;2.61
04 Balears, Illes;Tasa de variación anual;2017M07;5.31
04 Balears, Illes;Tasa de variación anual;2017M06;8.02
04 Balears, Illes;Tasa de variación anual;2017M05;6.48
04 Balears, Illes;Tasa de variación anual;2017M04;29.61
04 Balears, Illes;Tasa de variación anual;2017M03;-16.96
04 Balears, Illes;Tasa de variación anual;2017M02;-1.19
04 Balears, Illes;Tasa de variación anual;2017M01;4.67
04 Balears, Illes;Tasa de variación anual;2016M12;5.66
04 Balears, Illes;Tasa de variación anual;2016M11;21.55
04 Balears, Illes;Tasa de variación anual;2016M10;25.27
04 Balears, Illes;Tasa de variación anual;2016M09;9.14
04 Balears, Illes;Tasa de variación anual;2016M08;2.57
04 Balears, Illes;Tasa de variación anual;2016M07;12.30
04 Balears, Illes;Tasa de variación anual;2016M06;12.13
04 Balears, Illes;Tasa de variación anual;2016M05;9.76
04 Balears, Illes;Tasa de variación anual;2016M04;10.47
04 Balears, Illes;Tasa de variación anual;2016M03;43.30
04 Balears, Illes;Tasa de variación anual;2016M02;35.36
04 Balears, Illes;Tasa de variación anual;2016M01;-3.68
04 Balears, Illes;Tasa de variación anual;2015M12;0.70
04 Balears, Illes;Tasa de variación anual;2015M11;-8.44
04 Balears, Illes;Tasa de variación anual;2015M10;4.02
04 Balears, Illes;Acumulado en lo que va de año;2020M03;405470.00
04 Balears, Illes;Acumulado en lo que va de año;2020M02;289452.00
04 Balears, Illes;Acumulado en lo que va de año;2020M01;103902.00
04 Balears, Illes;Acumulado en lo que va de año;2019M12;13680923.00
04 Balears, Illes;Acumulado en lo que va de año;2019M11;13555994.00
04 Balears, Illes;Acumulado en lo que va de año;2019M10;13373161.00
04 Balears, Illes;Acumulado en lo que va de año;2019M09;12148049.00
04 Balears, Illes;Acumulado en lo que va de año;2019M08;10141366.00
04 Balears, Illes;Acumulado en lo que va de año;2019M07;7884310.00
04 Balears, Illes;Acumulado en lo que va de año;2019M06;5540205.00
04 Balears, Illes;Acumulado en lo que va de año;2019M05;3474876.00
04 Balears, Illes;Acumulado en lo que va de año;2019M04;1773704.00
04 Balears, Illes;Acumulado en lo que va de año;2019M03;692086.00
04 Balears, Illes;Acumulado en lo que va de año;2019M02;326273.00
04 Balears, Illes;Acumulado en lo que va de año;2019M01;141922.00
04 Balears, Illes;Acumulado en lo que va de año;2018M12;13851598.00
04 Balears, Illes;Acumulado en lo que va de año;2018M11;13668269.00
04 Balears, Illes;Acumulado en lo que va de año;2018M10;13480250.00
04 Balears, Illes;Acumulado en lo que va de año;2018M09;12196140.00
04 Balears, Illes;Acumulado en lo que va de año;2018M08;10164540.00
04 Balears, Illes;Acumulado en lo que va de año;2018M07;7867071.00
04 Balears, Illes;Acumulado en lo que va de año;2018M06;5437255.00
04 Balears, Illes;Acumulado en lo que va de año;2018M05;3315821.00
04 Balears, Illes;Acumulado en lo que va de año;2018M04;1607720.00
04 Balears, Illes;Acumulado en lo que va de año;2018M03;677041.00
04 Balears, Illes;Acumulado en lo que va de año;2018M02;275748.00
04 Balears, Illes;Acumulado en lo que va de año;2018M01;119437.00
04 Balears, Illes;Acumulado en lo que va de año;2017M12;13792296.00
04 Balears, Illes;Acumulado en lo que va de año;2017M11;13693021.00
04 Balears, Illes;Acumulado en lo que va de año;2017M10;13515595.00
04 Balears, Illes;Acumulado en lo que va de año;2017M09;12259052.00
04 Balears, Illes;Acumulado en lo que va de año;2017M08;10249765.00
04 Balears, Illes;Acumulado en lo que va de año;2017M07;7897567.00
04 Balears, Illes;Acumulado en lo que va de año;2017M06;5412687.00
04 Balears, Illes;Acumulado en lo que va de año;2017M05;3311167.00
04 Balears, Illes;Acumulado en lo que va de año;2017M04;1593814.00
04 Balears, Illes;Acumulado en lo que va de año;2017M03;595369.00
04 Balears, Illes;Acumulado en lo que va de año;2017M02;269927.00
04 Balears, Illes;Acumulado en lo que va de año;2017M01;107156.00
04 Balears, Illes;Acumulado en lo que va de año;2016M12;12997549.00
04 Balears, Illes;Acumulado en lo que va de año;2016M11;12896211.00
04 Balears, Illes;Acumulado en lo que va de año;2016M10;12743545.00
04 Balears, Illes;Acumulado en lo que va de año;2016M09;11501100.00
04 Balears, Illes;Acumulado en lo que va de año;2016M08;9639686.00
04 Balears, Illes;Acumulado en lo que va de año;2016M07;7347261.00
04 Balears, Illes;Acumulado en lo que va de año;2016M06;4987771.00
04 Balears, Illes;Acumulado en lo que va de año;2016M05;3042206.00
04 Balears, Illes;Acumulado en lo que va de año;2016M04;1429375.00
04 Balears, Illes;Acumulado en lo que va de año;2016M03;659037.00
04 Balears, Illes;Acumulado en lo que va de año;2016M02;267115.00
04 Balears, Illes;Acumulado en lo que va de año;2016M01;102379.00
04 Balears, Illes;Acumulado en lo que va de año;2015M12;
04 Balears, Illes;Acumulado en lo que va de año;2015M11;
04 Balears, Illes;Acumulado en lo que va de año;2015M10;
04 Balears, Illes;Tasa de variación acumulada;2020M03;-41.41
04 Balears, Illes;Tasa de variación acumulada;2020M02;-11.29
04 Balears, Illes;Tasa de variación acumulada;2020M01;-26.79
04 Balears, Illes;Tasa de variación acumulada;2019M12;-1.23
04 Balears, Illes;Tasa de variación acumulada;2019M11;-0.82
04 Balears, Illes;Tasa de variación acumulada;2019M10;-0.79
04 Balears, Illes;Tasa de variación acumulada;2019M09;-0.39
04 Balears, Illes;Tasa de variación acumulada;2019M08;-0.23
04 Balears, Illes;Tasa de variación acumulada;2019M07;0.22
04 Balears, Illes;Tasa de variación acumulada;2019M06;1.89
04 Balears, Illes;Tasa de variación acumulada;2019M05;4.80
04 Balears, Illes;Tasa de variación acumulada;2019M04;10.32
04 Balears, Illes;Tasa de variación acumulada;2019M03;2.22
04 Balears, Illes;Tasa de variación acumulada;2019M02;18.32
04 Balears, Illes;Tasa de variación acumulada;2019M01;18.83
04 Balears, Illes;Tasa de variación acumulada;2018M12;0.43
04 Balears, Illes;Tasa de variación acumulada;2018M11;-0.18
04 Balears, Illes;Tasa de variación acumulada;2018M10;-0.26
04 Balears, Illes;Tasa de variación acumulada;2018M09;-0.51
04 Balears, Illes;Tasa de variación acumulada;2018M08;-0.83
04 Balears, Illes;Tasa de variación acumulada;2018M07;-0.39
04 Balears, Illes;Tasa de variación acumulada;2018M06;0.45
04 Balears, Illes;Tasa de variación acumulada;2018M05;0.14
04 Balears, Illes;Tasa de variación acumulada;2018M04;0.87
04 Balears, Illes;Tasa de variación acumulada;2018M03;13.72
04 Balears, Illes;Tasa de variación acumulada;2018M02;2.16
04 Balears, Illes;Tasa de variación acumulada;2018M01;11.46
04 Balears, Illes;Tasa de variación acumulada;2017M12;6.11
04 Balears, Illes;Tasa de variación acumulada;2017M11;6.18
04 Balears, Illes;Tasa de variación acumulada;2017M10;6.06
04 Balears, Illes;Tasa de variación acumulada;2017M09;6.59
04 Balears, Illes;Tasa de variación acumulada;2017M08;6.33
04 Balears, Illes;Tasa de variación acumulada;2017M07;7.49
04 Balears, Illes;Tasa de variación acumulada;2017M06;8.52
04 Balears, Illes;Tasa de variación acumulada;2017M05;8.84
04 Balears, Illes;Tasa de variación acumulada;2017M04;11.50
04 Balears, Illes;Tasa de variación acumulada;2017M03;-9.66
04 Balears, Illes;Tasa de variación acumulada;2017M02;1.05
04 Balears, Illes;Tasa de variación acumulada;2017M01;4.67
04 Balears, Illes;Tasa de variación acumulada;2016M12;11.49
04 Balears, Illes;Tasa de variación acumulada;2016M11;11.54
04 Balears, Illes;Tasa de variación acumulada;2016M10;11.43
04 Balears, Illes;Tasa de variación acumulada;2016M09;10.11
04 Balears, Illes;Tasa de variación acumulada;2016M08;10.30
04 Balears, Illes;Tasa de variación acumulada;2016M07;12.96
04 Balears, Illes;Tasa de variación acumulada;2016M06;13.27
04 Balears, Illes;Tasa de variación acumulada;2016M05;14.02
04 Balears, Illes;Tasa de variación acumulada;2016M04;19.23
04 Balears, Illes;Tasa de variación acumulada;2016M03;31.41
04 Balears, Illes;Tasa de variación acumulada;2016M02;17.16
04 Balears, Illes;Tasa de variación acumulada;2016M01;-3.68
04 Balears, Illes;Tasa de variación acumulada;2015M12;
04 Balears, Illes;Tasa de variación acumulada;2015M11;
04 Balears, Illes;Tasa de variación acumulada;2015M10;
05 Canarias;Dato base;2020M03;459947.00
05 Canarias;Dato base;2020M02;1170610.00
05 Canarias;Dato base;2020M01;1101223.00
05 Canarias;Dato base;2019M12;1200794.00
05 Canarias;Dato base;2019M11;1173321.00
05 Canarias;Dato base;2019M10;1143663.00
05 Canarias;Dato base;2019M09;952091.00
05 Canarias;Dato base;2019M08;1040241.00
05 Canarias;Dato base;2019M07;1031662.00
05 Canarias;Dato base;2019M06;931810.00
05 Canarias;Dato base;2019M05;888777.00
05 Canarias;Dato base;2019M04;1105596.00
05 Canarias;Dato base;2019M03;1340619.00
05 Canarias;Dato base;2019M02;1179673.00
05 Canarias;Dato base;2019M01;1158782.00
05 Canarias;Dato base;2018M12;1256190.00
05 Canarias;Dato base;2018M11;1184564.00
05 Canarias;Dato base;2018M10;1257744.00
05 Canarias;Dato base;2018M09;1039221.00
05 Canarias;Dato base;2018M08;1098384.00
05 Canarias;Dato base;2018M07;1120219.00
05 Canarias;Dato base;2018M06;1001434.00
05 Canarias;Dato base;2018M05;967209.00
05 Canarias;Dato base;2018M04;1103003.00
05 Canarias;Dato base;2018M03;1347702.00
05 Canarias;Dato base;2018M02;1192866.00
05 Canarias;Dato base;2018M01;1183486.00
05 Canarias;Dato base;2017M12;1256370.00
05 Canarias;Dato base;2017M11;1239853.00
05 Canarias;Dato base;2017M10;1309652.00
05 Canarias;Dato base;2017M09;1111400.00
05 Canarias;Dato base;2017M08;1165967.00
05 Canarias;Dato base;2017M07;1186481.00
05 Canarias;Dato base;2017M06;1034652.00
05 Canarias;Dato base;2017M05;993431.00
05 Canarias;Dato base;2017M04;1255062.00
05 Canarias;Dato base;2017M03;1283939.00
05 Canarias;Dato base;2017M02;1183979.00
05 Canarias;Dato base;2017M01;1193435.00
05 Canarias;Dato base;2016M12;1250412.00
05 Canarias;Dato base;2016M11;1162023.00
05 Canarias;Dato base;2016M10;1270466.00
05 Canarias;Dato base;2016M09;994235.00
05 Canarias;Dato base;2016M08;1111644.00
05 Canarias;Dato base;2016M07;1140679.00
05 Canarias;Dato base;2016M06;936941.00
05 Canarias;Dato base;2016M05;899045.00
05 Canarias;Dato base;2016M04;1064849.00
05 Canarias;Dato base;2016M03;1206148.00
05 Canarias;Dato base;2016M02;1114746.00
05 Canarias;Dato base;2016M01;1108379.00
05 Canarias;Dato base;2015M12;1054142.00
05 Canarias;Dato base;2015M11;1103158.00
05 Canarias;Dato base;2015M10;1094268.00
05 Canarias;Tasa de variación anual;2020M03;-65.69
05 Canarias;Tasa de variación anual;2020M02;-0.77
05 Canarias;Tasa de variación anual;2020M01;-4.97
05 Canarias;Tasa de variación anual;2019M12;-4.41
05 Canarias;Tasa de variación anual;2019M11;-0.95
05 Canarias;Tasa de variación anual;2019M10;-9.07
05 Canarias;Tasa de variación anual;2019M09;-8.38
05 Canarias;Tasa de variación anual;2019M08;-5.29
05 Canarias;Tasa de variación anual;2019M07;-7.91
05 Canarias;Tasa de variación anual;2019M06;-6.95
05 Canarias;Tasa de variación anual;2019M05;-8.11
05 Canarias;Tasa de variación anual;2019M04;0.24
05 Canarias;Tasa de variación anual;2019M03;-0.53
05 Canarias;Tasa de variación anual;2019M02;-1.11
05 Canarias;Tasa de variación anual;2019M01;-2.09
05 Canarias;Tasa de variación anual;2018M12;-0.01
05 Canarias;Tasa de variación anual;2018M11;-4.46
05 Canarias;Tasa de variación anual;2018M10;-3.96
05 Canarias;Tasa de variación anual;2018M09;-6.49
05 Canarias;Tasa de variación anual;2018M08;-5.80
05 Canarias;Tasa de variación anual;2018M07;-5.58
05 Canarias;Tasa de variación anual;2018M06;-3.21
05 Canarias;Tasa de variación anual;2018M05;-2.64
05 Canarias;Tasa de variación anual;2018M04;-12.12
05 Canarias;Tasa de variación anual;2018M03;4.97
05 Canarias;Tasa de variación anual;2018M02;0.75
05 Canarias;Tasa de variación anual;2018M01;-0.83
05 Canarias;Tasa de variación anual;2017M12;0.48
05 Canarias;Tasa de variación anual;2017M11;6.70
05 Canarias;Tasa de variación anual;2017M10;3.08
05 Canarias;Tasa de variación anual;2017M09;11.78
05 Canarias;Tasa de variación anual;2017M08;4.89
05 Canarias;Tasa de variación anual;2017M07;4.02
05 Canarias;Tasa de variación anual;2017M06;10.43
05 Canarias;Tasa de variación anual;2017M05;10.50
05 Canarias;Tasa de variación anual;2017M04;17.86
05 Canarias;Tasa de variación anual;2017M03;6.45
05 Canarias;Tasa de variación anual;2017M02;6.21
05 Canarias;Tasa de variación anual;2017M01;7.67
05 Canarias;Tasa de variación anual;2016M12;18.62
05 Canarias;Tasa de variación anual;2016M11;5.34
05 Canarias;Tasa de variación anual;2016M10;16.10
05 Canarias;Tasa de variación anual;2016M09;14.03
05 Canarias;Tasa de variación anual;2016M08;9.15
05 Canarias;Tasa de variación anual;2016M07;22.08
05 Canarias;Tasa de variación anual;2016M06;18.74
05 Canarias;Tasa de variación anual;2016M05;10.37
05 Canarias;Tasa de variación anual;2016M04;16.68
05 Canarias;Tasa de variación anual;2016M03;13.50
05 Canarias;Tasa de variación anual;2016M02;12.39
05 Canarias;Tasa de variación anual;2016M01;6.90
05 Canarias;Tasa de variación anual;2015M12;3.73
05 Canarias;Tasa de variación anual;2015M11;7.08
05 Canarias;Tasa de variación anual;2015M10;3.46
05 Canarias;Acumulado en lo que va de año;2020M03;2731780.00
05 Canarias;Acumulado en lo que va de año;2020M02;2271833.00
05 Canarias;Acumulado en lo que va de año;2020M01;1101223.00
05 Canarias;Acumulado en lo que va de año;2019M12;13147009.00
05 Canarias;Acumulado en lo que va de año;2019M11;11946214.00
05 Canarias;Acumulado en lo que va de año;2019M10;10772893.00
05 Canarias;Acumulado en lo que va de año;2019M09;9629230.00
05 Canarias;Acumulado en lo que va de año;2019M08;8677139.00
05 Canarias;Acumulado en lo que va de año;2019M07;7636899.00
05 Canarias;Acumulado en lo que va de año;2019M06;6605237.00
05 Canarias;Acumulado en lo que va de año;2019M05;5673428.00
05 Canarias;Acumulado en lo que va de año;2019M04;4784650.00
05 Canarias;Acumulado en lo que va de año;2019M03;3679075.00
05 Canarias;Acumulado en lo que va de año;2019M02;2338455.00
05 Canarias;Acumulado en lo que va de año;2019M01;1158782.00
05 Canarias;Acumulado en lo que va de año;2018M12;13752022.00
05 Canarias;Acumulado en lo que va de año;2018M11;12495832.00
05 Canarias;Acumulado en lo que va de año;2018M10;11311268.00
05 Canarias;Acumulado en lo que va de año;2018M09;10053523.00
05 Canarias;Acumulado en lo que va de año;2018M08;9014302.00
05 Canarias;Acumulado en lo que va de año;2018M07;7915918.00
05 Canarias;Acumulado en lo que va de año;2018M06;6795699.00
05 Canarias;Acumulado en lo que va de año;2018M05;5794265.00
05 Canarias;Acumulado en lo que va de año;2018M04;4827056.00
05 Canarias;Acumulado en lo que va de año;2018M03;3724054.00
05 Canarias;Acumulado en lo que va de año;2018M02;2376352.00
05 Canarias;Acumulado en lo que va de año;2018M01;1183486.00
05 Canarias;Acumulado en lo que va de año;2017M12;14214222.00
05 Canarias;Acumulado en lo que va de año;2017M11;12957852.00
05 Canarias;Acumulado en lo que va de año;2017M10;11717999.00
05 Canarias;Acumulado en lo que va de año;2017M09;10408347.00
05 Canarias;Acumulado en lo que va de año;2017M08;9296947.00
05 Canarias;Acumulado en lo que va de año;2017M07;8130980.00
05 Canarias;Acumulado en lo que va de año;2017M06;6944499.00
05 Canarias;Acumulado en lo que va de año;2017M05;5909847.00
05 Canarias;Acumulado en lo que va de año;2017M04;4916416.00
05 Canarias;Acumulado en lo que va de año;2017M03;3661354.00
05 Canarias;Acumulado en lo que va de año;2017M02;2377415.00
05 Canarias;Acumulado en lo que va de año;2017M01;1193435.00
05 Canarias;Acumulado en lo que va de año;2016M12;13259567.00
05 Canarias;Acumulado en lo que va de año;2016M11;12009155.00
05 Canarias;Acumulado en lo que va de año;2016M10;10847132.00
05 Canarias;Acumulado en lo que va de año;2016M09;9576666.00
05 Canarias;Acumulado en lo que va de año;2016M08;8582431.00
05 Canarias;Acumulado en lo que va de año;2016M07;7470787.00
05 Canarias;Acumulado en lo que va de año;2016M06;6330108.00
05 Canarias;Acumulado en lo que va de año;2016M05;5393167.00
05 Canarias;Acumulado en lo que va de año;2016M04;4494122.00
05 Canarias;Acumulado en lo que va de año;2016M03;3429273.00
05 Canarias;Acumulado en lo que va de año;2016M02;2223125.00
05 Canarias;Acumulado en lo que va de año;2016M01;1108379.00
05 Canarias;Acumulado en lo que va de año;2015M12;
05 Canarias;Acumulado en lo que va de año;2015M11;
05 Canarias;Acumulado en lo que va de año;2015M10;
05 Canarias;Tasa de variación acumulada;2020M03;-25.75
05 Canarias;Tasa de variación acumulada;2020M02;-2.85
05 Canarias;Tasa de variación acumulada;2020M01;-4.97
05 Canarias;Tasa de variación acumulada;2019M12;-4.40
05 Canarias;Tasa de variación acumulada;2019M11;-4.40
05 Canarias;Tasa de variación acumulada;2019M10;-4.76
05 Canarias;Tasa de variación acumulada;2019M09;-4.22
05 Canarias;Tasa de variación acumulada;2019M08;-3.74
05 Canarias;Tasa de variación acumulada;2019M07;-3.52
05 Canarias;Tasa de variación acumulada;2019M06;-2.80
05 Canarias;Tasa de variación acumulada;2019M05;-2.09
05 Canarias;Tasa de variación acumulada;2019M04;-0.88
05 Canarias;Tasa de variación acumulada;2019M03;-1.21
05 Canarias;Tasa de variación acumulada;2019M02;-1.59
05 Canarias;Tasa de variación acumulada;2019M01;-2.09
05 Canarias;Tasa de variación acumulada;2018M12;-3.25
05 Canarias;Tasa de variación acumulada;2018M11;-3.57
05 Canarias;Tasa de variación acumulada;2018M10;-3.47
05 Canarias;Tasa de variación acumulada;2018M09;-3.41
05 Canarias;Tasa de variación acumulada;2018M08;-3.04
05 Canarias;Tasa de variación acumulada;2018M07;-2.64
05 Canarias;Tasa de variación acumulada;2018M06;-2.14
05 Canarias;Tasa de variación acumulada;2018M05;-1.96
05 Canarias;Tasa de variación acumulada;2018M04;-1.82
05 Canarias;Tasa de variación acumulada;2018M03;1.71
05 Canarias;Tasa de variación acumulada;2018M02;-0.04
05 Canarias;Tasa de variación acumulada;2018M01;-0.83
05 Canarias;Tasa de variación acumulada;2017M12;7.20
05 Canarias;Tasa de variación acumulada;2017M11;7.90
05 Canarias;Tasa de variación acumulada;2017M10;8.03
05 Canarias;Tasa de variación acumulada;2017M09;8.68
05 Canarias;Tasa de variación acumulada;2017M08;8.33
05 Canarias;Tasa de variación acumulada;2017M07;8.84
05 Canarias;Tasa de variación acumulada;2017M06;9.71
05 Canarias;Tasa de variación acumulada;2017M05;9.58
05 Canarias;Tasa de variación acumulada;2017M04;9.40
05 Canarias;Tasa de variación acumulada;2017M03;6.77
05 Canarias;Tasa de variación acumulada;2017M02;6.94
05 Canarias;Tasa de variación acumulada;2017M01;7.67
05 Canarias;Tasa de variación acumulada;2016M12;13.49
05 Canarias;Tasa de variación acumulada;2016M11;12.98
05 Canarias;Tasa de variación acumulada;2016M10;13.86
05 Canarias;Tasa de variación acumulada;2016M09;13.57
05 Canarias;Tasa de variación acumulada;2016M08;13.52
05 Canarias;Tasa de variación acumulada;2016M07;14.20
05 Canarias;Tasa de variación acumulada;2016M06;12.88
05 Canarias;Tasa de variación acumulada;2016M05;11.93
05 Canarias;Tasa de variación acumulada;2016M04;12.24
05 Canarias;Tasa de variación acumulada;2016M03;10.93
05 Canarias;Tasa de variación acumulada;2016M02;9.59
05 Canarias;Tasa de variación acumulada;2016M01;6.90
05 Canarias;Tasa de variación acumulada;2015M12;
05 Canarias;Tasa de variación acumulada;2015M11;
05 Canarias;Tasa de variación acumulada;2015M10;
09 Cataluña;Dato base;2020M03;406683.00
09 Cataluña;Dato base;2020M02;964706.00
09 Cataluña;Dato base;2020M01;869168.00
09 Cataluña;Dato base;2019M12;993085.00
09 Cataluña;Dato base;2019M11;1049423.00
09 Cataluña;Dato base;2019M10;1691438.00
09 Cataluña;Dato base;2019M09;2011982.00
09 Cataluña;Dato base;2019M08;2358838.00
09 Cataluña;Dato base;2019M07;2376608.00
09 Cataluña;Dato base;2019M06;2151525.00
09 Cataluña;Dato base;2019M05;1830968.00
09 Cataluña;Dato base;2019M04;1677105.00
09 Cataluña;Dato base;2019M03;1280871.00
09 Cataluña;Dato base;2019M02;1030292.00
09 Cataluña;Dato base;2019M01;910329.00
09 Cataluña;Dato base;2018M12;969322.00
09 Cataluña;Dato base;2018M11;1034633.00
09 Cataluña;Dato base;2018M10;1665215.00
09 Cataluña;Dato base;2018M09;2007474.00
09 Cataluña;Dato base;2018M08;2433300.00
09 Cataluña;Dato base;2018M07;2427842.00
09 Cataluña;Dato base;2018M06;2104373.00
09 Cataluña;Dato base;2018M05;1885365.00
09 Cataluña;Dato base;2018M04;1570899.00
09 Cataluña;Dato base;2018M03;1217330.00
09 Cataluña;Dato base;2018M02;1015793.00
09 Cataluña;Dato base;2018M01;864798.00
09 Cataluña;Dato base;2017M12;822765.00
09 Cataluña;Dato base;2017M11;981462.00
09 Cataluña;Dato base;2017M10;1497032.00
09 Cataluña;Dato base;2017M09;1999689.00
09 Cataluña;Dato base;2017M08;2567612.00
09 Cataluña;Dato base;2017M07;2557125.00
09 Cataluña;Dato base;2017M06;2026356.00
09 Cataluña;Dato base;2017M05;1920946.00
09 Cataluña;Dato base;2017M04;1755019.00
09 Cataluña;Dato base;2017M03;1155003.00
09 Cataluña;Dato base;2017M02;989198.00
09 Cataluña;Dato base;2017M01;846213.00
09 Cataluña;Dato base;2016M12;956468.00
09 Cataluña;Dato base;2016M11;1009971.00
09 Cataluña;Dato base;2016M10;1562897.00
09 Cataluña;Dato base;2016M09;1876937.00
09 Cataluña;Dato base;2016M08;2501193.00
09 Cataluña;Dato base;2016M07;2394803.00
09 Cataluña;Dato base;2016M06;1850823.00
09 Cataluña;Dato base;2016M05;1630433.00
09 Cataluña;Dato base;2016M04;1483021.00
09 Cataluña;Dato base;2016M03;1076434.00
09 Cataluña;Dato base;2016M02;930354.00
09 Cataluña;Dato base;2016M01;865842.00
09 Cataluña;Dato base;2015M12;890133.00
09 Cataluña;Dato base;2015M11;1029270.00
09 Cataluña;Dato base;2015M10;1521926.00
09 Cataluña;Tasa de variación anual;2020M03;-68.25
09 Cataluña;Tasa de variación anual;2020M02;-6.37
09 Cataluña;Tasa de variación anual;2020M01;-4.52
09 Cataluña;Tasa de variación anual;2019M12;2.45
09 Cataluña;Tasa de variación anual;2019M11;1.43
09 Cataluña;Tasa de variación anual;2019M10;1.57
09 Cataluña;Tasa de variación anual;2019M09;0.22
09 Cataluña;Tasa de variación anual;2019M08;-3.06
09 Cataluña;Tasa de variación anual;2019M07;-2.11
09 Cataluña;Tasa de variación anual;2019M06;2.24
09 Cataluña;Tasa de variación anual;2019M05;-2.89
09 Cataluña;Tasa de variación anual;2019M04;6.76
09 Cataluña;Tasa de variación anual;2019M03;5.22
09 Cataluña;Tasa de variación anual;2019M02;1.43
09 Cataluña;Tasa de variación anual;2019M01;5.26
09 Cataluña;Tasa de variación anual;2018M12;17.81
09 Cataluña;Tasa de variación anual;2018M11;5.42
09 Cataluña;Tasa de variación anual;2018M10;11.23
09 Cataluña;Tasa de variación anual;2018M09;0.39
09 Cataluña;Tasa de variación anual;2018M08;-5.23
09 Cataluña;Tasa de variación anual;2018M07;-5.06
09 Cataluña;Tasa de variación anual;2018M06;3.85
09 Cataluña;Tasa de variación anual;2018M05;-1.85
09 Cataluña;Tasa de variación anual;2018M04;-10.49
09 Cataluña;Tasa de variación anual;2018M03;5.40
09 Cataluña;Tasa de variación anual;2018M02;2.69
09 Cataluña;Tasa de variación anual;2018M01;2.20
09 Cataluña;Tasa de variación anual;2017M12;-13.98
09 Cataluña;Tasa de variación anual;2017M11;-2.82
09 Cataluña;Tasa de variación anual;2017M10;-4.21
09 Cataluña;Tasa de variación anual;2017M09;6.54
09 Cataluña;Tasa de variación anual;2017M08;2.66
09 Cataluña;Tasa de variación anual;2017M07;6.78
09 Cataluña;Tasa de variación anual;2017M06;9.48
09 Cataluña;Tasa de variación anual;2017M05;17.82
09 Cataluña;Tasa de variación anual;2017M04;18.34
09 Cataluña;Tasa de variación anual;2017M03;7.30
09 Cataluña;Tasa de variación anual;2017M02;6.32
09 Cataluña;Tasa de variación anual;2017M01;-2.27
09 Cataluña;Tasa de variación anual;2016M12;7.45
09 Cataluña;Tasa de variación anual;2016M11;-1.88
09 Cataluña;Tasa de variación anual;2016M10;2.69
09 Cataluña;Tasa de variación anual;2016M09;3.27
09 Cataluña;Tasa de variación anual;2016M08;4.52
09 Cataluña;Tasa de variación anual;2016M07;3.54
09 Cataluña;Tasa de variación anual;2016M06;8.27
09 Cataluña;Tasa de variación anual;2016M05;-0.38
09 Cataluña;Tasa de variación anual;2016M04;3.12
09 Cataluña;Tasa de variación anual;2016M03;2.76
09 Cataluña;Tasa de variación anual;2016M02;11.52
09 Cataluña;Tasa de variación anual;2016M01;15.72
09 Cataluña;Tasa de variación anual;2015M12;3.24
09 Cataluña;Tasa de variación anual;2015M11;7.52
09 Cataluña;Tasa de variación anual;2015M10;2.23
09 Cataluña;Acumulado en lo que va de año;2020M03;2240557.00
09 Cataluña;Acumulado en lo que va de año;2020M02;1833874.00
09 Cataluña;Acumulado en lo que va de año;2020M01;869168.00
09 Cataluña;Acumulado en lo que va de año;2019M12;19358203.00
09 Cataluña;Acumulado en lo que va de año;2019M11;18365118.00
09 Cataluña;Acumulado en lo que va de año;2019M10;17315695.00
09 Cataluña;Acumulado en lo que va de año;2019M09;15624257.00
09 Cataluña;Acumulado en lo que va de año;2019M08;13612274.00
09 Cataluña;Acumulado en lo que va de año;2019M07;11253437.00
09 Cataluña;Acumulado en lo que va de año;2019M06;8876828.00
09 Cataluña;Acumulado en lo que va de año;2019M05;6725304.00
09 Cataluña;Acumulado en lo que va de año;2019M04;4894335.00
09 Cataluña;Acumulado en lo que va de año;2019M03;3221492.00
09 Cataluña;Acumulado en lo que va de año;2019M02;1940621.00
09 Cataluña;Acumulado en lo que va de año;2019M01;910329.00
09 Cataluña;Acumulado en lo que va de año;2018M12;19196344.00
09 Cataluña;Acumulado en lo que va de año;2018M11;18227022.00
09 Cataluña;Acumulado en lo que va de año;2018M10;17192389.00
09 Cataluña;Acumulado en lo que va de año;2018M09;15527174.00
09 Cataluña;Acumulado en lo que va de año;2018M08;13519700.00
09 Cataluña;Acumulado en lo que va de año;2018M07;11086400.00
09 Cataluña;Acumulado en lo que va de año;2018M06;8658557.00
09 Cataluña;Acumulado en lo que va de año;2018M05;6554184.00
09 Cataluña;Acumulado en lo que va de año;2018M04;4668819.00
09 Cataluña;Acumulado en lo que va de año;2018M03;3097920.00
09 Cataluña;Acumulado en lo que va de año;2018M02;1880591.00
09 Cataluña;Acumulado en lo que va de año;2018M01;864798.00
09 Cataluña;Acumulado en lo que va de año;2017M12;19118421.00
09 Cataluña;Acumulado en lo que va de año;2017M11;18295656.00
09 Cataluña;Acumulado en lo que va de año;2017M10;17314194.00
09 Cataluña;Acumulado en lo que va de año;2017M09;15817162.00
09 Cataluña;Acumulado en lo que va de año;2017M08;13817473.00
09 Cataluña;Acumulado en lo que va de año;2017M07;11249861.00
09 Cataluña;Acumulado en lo que va de año;2017M06;8692736.00
09 Cataluña;Acumulado en lo que va de año;2017M05;6666380.00
09 Cataluña;Acumulado en lo que va de año;2017M04;4745433.00
09 Cataluña;Acumulado en lo que va de año;2017M03;2990414.00
09 Cataluña;Acumulado en lo que va de año;2017M02;1835411.00
09 Cataluña;Acumulado en lo que va de año;2017M01;846213.00
09 Cataluña;Acumulado en lo que va de año;2016M12;18139177.00
09 Cataluña;Acumulado en lo que va de año;2016M11;17182709.00
09 Cataluña;Acumulado en lo que va de año;2016M10;16172738.00
09 Cataluña;Acumulado en lo que va de año;2016M09;14609840.00
09 Cataluña;Acumulado en lo que va de año;2016M08;12732903.00
09 Cataluña;Acumulado en lo que va de año;2016M07;10231710.00
09 Cataluña;Acumulado en lo que va de año;2016M06;7836908.00
09 Cataluña;Acumulado en lo que va de año;2016M05;5986085.00
09 Cataluña;Acumulado en lo que va de año;2016M04;4355652.00
09 Cataluña;Acumulado en lo que va de año;2016M03;2872630.00
09 Cataluña;Acumulado en lo que va de año;2016M02;1796196.00
09 Cataluña;Acumulado en lo que va de año;2016M01;865842.00
09 Cataluña;Acumulado en lo que va de año;2015M12;
09 Cataluña;Acumulado en lo que va de año;2015M11;
09 Cataluña;Acumulado en lo que va de año;2015M10;
09 Cataluña;Tasa de variación acumulada;2020M03;-30.45
09 Cataluña;Tasa de variación acumulada;2020M02;-5.50
09 Cataluña;Tasa de variación acumulada;2020M01;-4.52
09 Cataluña;Tasa de variación acumulada;2019M12;0.84
09 Cataluña;Tasa de variación acumulada;2019M11;0.76
09 Cataluña;Tasa de variación acumulada;2019M10;0.72
09 Cataluña;Tasa de variación acumulada;2019M09;0.63
09 Cataluña;Tasa de variación acumulada;2019M08;0.68
09 Cataluña;Tasa de variación acumulada;2019M07;1.51
09 Cataluña;Tasa de variación acumulada;2019M06;2.52
09 Cataluña;Tasa de variación acumulada;2019M05;2.61
09 Cataluña;Tasa de variación acumulada;2019M04;4.83
09 Cataluña;Tasa de variación acumulada;2019M03;3.99
09 Cataluña;Tasa de variación acumulada;2019M02;3.19
09 Cataluña;Tasa de variación acumulada;2019M01;5.26
09 Cataluña;Tasa de variación acumulada;2018M12;0.41
09 Cataluña;Tasa de variación acumulada;2018M11;-0.38
09 Cataluña;Tasa de variación acumulada;2018M10;-0.70
09 Cataluña;Tasa de variación acumulada;2018M09;-1.83
09 Cataluña;Tasa de variación acumulada;2018M08;-2.16
09 Cataluña;Tasa de variación acumulada;2018M07;-1.45
09 Cataluña;Tasa de variación acumulada;2018M06;-0.39
09 Cataluña;Tasa de variación acumulada;2018M05;-1.68
09 Cataluña;Tasa de variación acumulada;2018M04;-1.61
09 Cataluña;Tasa de variación acumulada;2018M03;3.60
09 Cataluña;Tasa de variación acumulada;2018M02;2.46
09 Cataluña;Tasa de variación acumulada;2018M01;2.20
09 Cataluña;Tasa de variación acumulada;2017M12;5.40
09 Cataluña;Tasa de variación acumulada;2017M11;6.48
09 Cataluña;Tasa de variación acumulada;2017M10;7.06
09 Cataluña;Tasa de variación acumulada;2017M09;8.26
09 Cataluña;Tasa de variación acumulada;2017M08;8.52
09 Cataluña;Tasa de variación acumulada;2017M07;9.95
09 Cataluña;Tasa de variación acumulada;2017M06;10.92
09 Cataluña;Tasa de variación acumulada;2017M05;11.36
09 Cataluña;Tasa de variación acumulada;2017M04;8.95
09 Cataluña;Tasa de variación acumulada;2017M03;4.10
09 Cataluña;Tasa de variación acumulada;2017M02;2.18
09 Cataluña;Tasa de variación acumulada;2017M01;-2.27
09 Cataluña;Tasa de variación acumulada;2016M12;4.37
09 Cataluña;Tasa de variación acumulada;2016M11;4.21
09 Cataluña;Tasa de variación acumulada;2016M10;4.61
09 Cataluña;Tasa de variación acumulada;2016M09;4.82
09 Cataluña;Tasa de variación acumulada;2016M08;5.06
09 Cataluña;Tasa de variación acumulada;2016M07;5.19
09 Cataluña;Tasa de variación acumulada;2016M06;5.70
09 Cataluña;Tasa de variación acumulada;2016M05;4.93
09 Cataluña;Tasa de variación acumulada;2016M04;7.07
09 Cataluña;Tasa de variación acumulada;2016M03;9.23
09 Cataluña;Tasa de variación acumulada;2016M02;13.51
09 Cataluña;Tasa de variación acumulada;2016M01;15.72
09 Cataluña;Tasa de variación acumulada;2015M12;
09 Cataluña;Tasa de variación acumulada;2015M11;
09 Cataluña;Tasa de variación acumulada;2015M10;
10 Comunitat Valenciana;Dato base;2020M03;253718.00
10 Comunitat Valenciana;Dato base;2020M02;528440.00
10 Comunitat Valenciana;Dato base;2020M01;434205.00
10 Comunitat Valenciana;Dato base;2019M12;456596.00
10 Comunitat Valenciana;Dato base;2019M11;545604.00
10 Comunitat Valenciana;Dato base;2019M10;875329.00
10 Comunitat Valenciana;Dato base;2019M09;1023299.00
10 Comunitat Valenciana;Dato base;2019M08;1271169.00
10 Comunitat Valenciana;Dato base;2019M07;1247582.00
10 Comunitat Valenciana;Dato base;2019M06;935806.00
10 Comunitat Valenciana;Dato base;2019M05;866907.00
10 Comunitat Valenciana;Dato base;2019M04;829363.00
10 Comunitat Valenciana;Dato base;2019M03;648462.00
10 Comunitat Valenciana;Dato base;2019M02;459309.00
10 Comunitat Valenciana;Dato base;2019M01;413553.00
10 Comunitat Valenciana;Dato base;2018M12;427830.00
10 Comunitat Valenciana;Dato base;2018M11;497041.00
10 Comunitat Valenciana;Dato base;2018M10;861013.00
10 Comunitat Valenciana;Dato base;2018M09;1005841.00
10 Comunitat Valenciana;Dato base;2018M08;1175555.00
10 Comunitat Valenciana;Dato base;2018M07;1132280.00
10 Comunitat Valenciana;Dato base;2018M06;901232.00
10 Comunitat Valenciana;Dato base;2018M05;910651.00
10 Comunitat Valenciana;Dato base;2018M04;769612.00
10 Comunitat Valenciana;Dato base;2018M03;625460.00
10 Comunitat Valenciana;Dato base;2018M02;449519.00
10 Comunitat Valenciana;Dato base;2018M01;450874.00
10 Comunitat Valenciana;Dato base;2017M12;400590.00
10 Comunitat Valenciana;Dato base;2017M11;452023.00
10 Comunitat Valenciana;Dato base;2017M10;812655.00
10 Comunitat Valenciana;Dato base;2017M09;982638.00
10 Comunitat Valenciana;Dato base;2017M08;1158902.00
10 Comunitat Valenciana;Dato base;2017M07;1217502.00
10 Comunitat Valenciana;Dato base;2017M06;873923.00
10 Comunitat Valenciana;Dato base;2017M05;918843.00
10 Comunitat Valenciana;Dato base;2017M04;749885.00
10 Comunitat Valenciana;Dato base;2017M03;526701.00
10 Comunitat Valenciana;Dato base;2017M02;429384.00
10 Comunitat Valenciana;Dato base;2017M01;402914.00
10 Comunitat Valenciana;Dato base;2016M12;366649.00
10 Comunitat Valenciana;Dato base;2016M11;377912.00
10 Comunitat Valenciana;Dato base;2016M10;761381.00
10 Comunitat Valenciana;Dato base;2016M09;779057.00
10 Comunitat Valenciana;Dato base;2016M08;1117241.00
10 Comunitat Valenciana;Dato base;2016M07;1040949.00
10 Comunitat Valenciana;Dato base;2016M06;729855.00
10 Comunitat Valenciana;Dato base;2016M05;767289.00
10 Comunitat Valenciana;Dato base;2016M04;643239.00
10 Comunitat Valenciana;Dato base;2016M03;480476.00
10 Comunitat Valenciana;Dato base;2016M02;349586.00
10 Comunitat Valenciana;Dato base;2016M01;318136.00
10 Comunitat Valenciana;Dato base;2015M12;320260.00
10 Comunitat Valenciana;Dato base;2015M11;319290.00
10 Comunitat Valenciana;Dato base;2015M10;624144.00
10 Comunitat Valenciana;Tasa de variación anual;2020M03;-60.87
10 Comunitat Valenciana;Tasa de variación anual;2020M02;15.05
10 Comunitat Valenciana;Tasa de variación anual;2020M01;4.99
10 Comunitat Valenciana;Tasa de variación anual;2019M12;6.72
10 Comunitat Valenciana;Tasa de variación anual;2019M11;9.77
10 Comunitat Valenciana;Tasa de variación anual;2019M10;1.66
10 Comunitat Valenciana;Tasa de variación anual;2019M09;1.74
10 Comunitat Valenciana;Tasa de variación anual;2019M08;8.13
10 Comunitat Valenciana;Tasa de variación anual;2019M07;10.18
10 Comunitat Valenciana;Tasa de variación anual;2019M06;3.84
10 Comunitat Valenciana;Tasa de variación anual;2019M05;-4.80
10 Comunitat Valenciana;Tasa de variación anual;2019M04;7.76
10 Comunitat Valenciana;Tasa de variación anual;2019M03;3.68
10 Comunitat Valenciana;Tasa de variación anual;2019M02;2.18
10 Comunitat Valenciana;Tasa de variación anual;2019M01;-8.28
10 Comunitat Valenciana;Tasa de variación anual;2018M12;6.80
10 Comunitat Valenciana;Tasa de variación anual;2018M11;9.96
10 Comunitat Valenciana;Tasa de variación anual;2018M10;5.95
10 Comunitat Valenciana;Tasa de variación anual;2018M09;2.36
10 Comunitat Valenciana;Tasa de variación anual;2018M08;1.44
10 Comunitat Valenciana;Tasa de variación anual;2018M07;-7.00
10 Comunitat Valenciana;Tasa de variación anual;2018M06;3.12
10 Comunitat Valenciana;Tasa de variación anual;2018M05;-0.89
10 Comunitat Valenciana;Tasa de variación anual;2018M04;2.63
10 Comunitat Valenciana;Tasa de variación anual;2018M03;18.75
10 Comunitat Valenciana;Tasa de variación anual;2018M02;4.69
10 Comunitat Valenciana;Tasa de variación anual;2018M01;11.90
10 Comunitat Valenciana;Tasa de variación anual;2017M12;9.26
10 Comunitat Valenciana;Tasa de variación anual;2017M11;19.61
10 Comunitat Valenciana;Tasa de variación anual;2017M10;6.73
10 Comunitat Valenciana;Tasa de variación anual;2017M09;26.13
10 Comunitat Valenciana;Tasa de variación anual;2017M08;3.73
10 Comunitat Valenciana;Tasa de variación anual;2017M07;16.96
10 Comunitat Valenciana;Tasa de variación anual;2017M06;19.74
10 Comunitat Valenciana;Tasa de variación anual;2017M05;19.75
10 Comunitat Valenciana;Tasa de variación anual;2017M04;16.58
10 Comunitat Valenciana;Tasa de variación anual;2017M03;9.62
10 Comunitat Valenciana;Tasa de variación anual;2017M02;22.83
10 Comunitat Valenciana;Tasa de variación anual;2017M01;26.65
10 Comunitat Valenciana;Tasa de variación anual;2016M12;14.49
10 Comunitat Valenciana;Tasa de variación anual;2016M11;18.36
10 Comunitat Valenciana;Tasa de variación anual;2016M10;21.99
10 Comunitat Valenciana;Tasa de variación anual;2016M09;15.64
10 Comunitat Valenciana;Tasa de variación anual;2016M08;11.52
10 Comunitat Valenciana;Tasa de variación anual;2016M07;15.37
10 Comunitat Valenciana;Tasa de variación anual;2016M06;15.33
10 Comunitat Valenciana;Tasa de variación anual;2016M05;21.24
10 Comunitat Valenciana;Tasa de variación anual;2016M04;16.42
10 Comunitat Valenciana;Tasa de variación anual;2016M03;25.33
10 Comunitat Valenciana;Tasa de variación anual;2016M02;27.48
10 Comunitat Valenciana;Tasa de variación anual;2016M01;24.32
10 Comunitat Valenciana;Tasa de variación anual;2015M12;16.82
10 Comunitat Valenciana;Tasa de variación anual;2015M11;9.52
10 Comunitat Valenciana;Tasa de variación anual;2015M10;4.32
10 Comunitat Valenciana;Acumulado en lo que va de año;2020M03;1216363.00
10 Comunitat Valenciana;Acumulado en lo que va de año;2020M02;962645.00
10 Comunitat Valenciana;Acumulado en lo que va de año;2020M01;434205.00
10 Comunitat Valenciana;Acumulado en lo que va de año;2019M12;9566566.00
10 Comunitat Valenciana;Acumulado en lo que va de año;2019M11;9109970.00
10 Comunitat Valenciana;Acumulado en lo que va de año;2019M10;8564366.00
10 Comunitat Valenciana;Acumulado en lo que va de año;2019M09;7689037.00
10 Comunitat Valenciana;Acumulado en lo que va de año;2019M08;6665738.00
10 Comunitat Valenciana;Acumulado en lo que va de año;2019M07;5394569.00
10 Comunitat Valenciana;Acumulado en lo que va de año;2019M06;4146987.00
10 Comunitat Valenciana;Acumulado en lo que va de año;2019M05;3211181.00
10 Comunitat Valenciana;Acumulado en lo que va de año;2019M04;2344275.00
10 Comunitat Valenciana;Acumulado en lo que va de año;2019M03;1521324.00
10 Comunitat Valenciana;Acumulado en lo que va de año;2019M02;872862.00
10 Comunitat Valenciana;Acumulado en lo que va de año;2019M01;413553.00
10 Comunitat Valenciana;Acumulado en lo que va de año;2018M12;9206908.00
10 Comunitat Valenciana;Acumulado en lo que va de año;2018M11;8779077.00
10 Comunitat Valenciana;Acumulado en lo que va de año;2018M10;8282037.00
10 Comunitat Valenciana;Acumulado en lo que va de año;2018M09;7421024.00
10 Comunitat Valenciana;Acumulado en lo que va de año;2018M08;6415183.00
10 Comunitat Valenciana;Acumulado en lo que va de año;2018M07;5239628.00
10 Comunitat Valenciana;Acumulado en lo que va de año;2018M06;4107348.00
10 Comunitat Valenciana;Acumulado en lo que va de año;2018M05;3206116.00
10 Comunitat Valenciana;Acumulado en lo que va de año;2018M04;2295465.00
10 Comunitat Valenciana;Acumulado en lo que va de año;2018M03;1525853.00
10 Comunitat Valenciana;Acumulado en lo que va de año;2018M02;900393.00
10 Comunitat Valenciana;Acumulado en lo que va de año;2018M01;450874.00
10 Comunitat Valenciana;Acumulado en lo que va de año;2017M12;8925959.00
10 Comunitat Valenciana;Acumulado en lo que va de año;2017M11;8525368.00
10 Comunitat Valenciana;Acumulado en lo que va de año;2017M10;8073345.00
10 Comunitat Valenciana;Acumulado en lo que va de año;2017M09;7260690.00
10 Comunitat Valenciana;Acumulado en lo que va de año;2017M08;6278052.00
10 Comunitat Valenciana;Acumulado en lo que va de año;2017M07;5119150.00
10 Comunitat Valenciana;Acumulado en lo que va de año;2017M06;3901649.00
10 Comunitat Valenciana;Acumulado en lo que va de año;2017M05;3027726.00
10 Comunitat Valenciana;Acumulado en lo que va de año;2017M04;2108883.00
10 Comunitat Valenciana;Acumulado en lo que va de año;2017M03;1358998.00
10 Comunitat Valenciana;Acumulado en lo que va de año;2017M02;832297.00
10 Comunitat Valenciana;Acumulado en lo que va de año;2017M01;402914.00
10 Comunitat Valenciana;Acumulado en lo que va de año;2016M12;7731770.00
10 Comunitat Valenciana;Acumulado en lo que va de año;2016M11;7365121.00
10 Comunitat Valenciana;Acumulado en lo que va de año;2016M10;6987209.00
10 Comunitat Valenciana;Acumulado en lo que va de año;2016M09;6225828.00
10 Comunitat Valenciana;Acumulado en lo que va de año;2016M08;5446770.00
10 Comunitat Valenciana;Acumulado en lo que va de año;2016M07;4329529.00
10 Comunitat Valenciana;Acumulado en lo que va de año;2016M06;3288580.00
10 Comunitat Valenciana;Acumulado en lo que va de año;2016M05;2558725.00
10 Comunitat Valenciana;Acumulado en lo que va de año;2016M04;1791436.00
10 Comunitat Valenciana;Acumulado en lo que va de año;2016M03;1148197.00
10 Comunitat Valenciana;Acumulado en lo que va de año;2016M02;667722.00
10 Comunitat Valenciana;Acumulado en lo que va de año;2016M01;318136.00
10 Comunitat Valenciana;Acumulado en lo que va de año;2015M12;
10 Comunitat Valenciana;Acumulado en lo que va de año;2015M11;
10 Comunitat Valenciana;Acumulado en lo que va de año;2015M10;
10 Comunitat Valenciana;Tasa de variación acumulada;2020M03;-20.05
10 Comunitat Valenciana;Tasa de variación acumulada;2020M02;10.29
10 Comunitat Valenciana;Tasa de variación acumulada;2020M01;4.99
10 Comunitat Valenciana;Tasa de variación acumulada;2019M12;3.91
10 Comunitat Valenciana;Tasa de variación acumulada;2019M11;3.77
10 Comunitat Valenciana;Tasa de variación acumulada;2019M10;3.41
10 Comunitat Valenciana;Tasa de variación acumulada;2019M09;3.61
10 Comunitat Valenciana;Tasa de variación acumulada;2019M08;3.91
10 Comunitat Valenciana;Tasa de variación acumulada;2019M07;2.96
10 Comunitat Valenciana;Tasa de variación acumulada;2019M06;0.97
10 Comunitat Valenciana;Tasa de variación acumulada;2019M05;0.16
10 Comunitat Valenciana;Tasa de variación acumulada;2019M04;2.13
10 Comunitat Valenciana;Tasa de variación acumulada;2019M03;-0.30
10 Comunitat Valenciana;Tasa de variación acumulada;2019M02;-3.06
10 Comunitat Valenciana;Tasa de variación acumulada;2019M01;-8.28
10 Comunitat Valenciana;Tasa de variación acumulada;2018M12;3.15
10 Comunitat Valenciana;Tasa de variación acumulada;2018M11;2.98
10 Comunitat Valenciana;Tasa de variación acumulada;2018M10;2.58
10 Comunitat Valenciana;Tasa de variación acumulada;2018M09;2.21
10 Comunitat Valenciana;Tasa de variación acumulada;2018M08;2.18
10 Comunitat Valenciana;Tasa de variación acumulada;2018M07;2.35
10 Comunitat Valenciana;Tasa de variación acumulada;2018M06;5.27
10 Comunitat Valenciana;Tasa de variación acumulada;2018M05;5.89
10 Comunitat Valenciana;Tasa de variación acumulada;2018M04;8.85
10 Comunitat Valenciana;Tasa de variación acumulada;2018M03;12.28
10 Comunitat Valenciana;Tasa de variación acumulada;2018M02;8.18
10 Comunitat Valenciana;Tasa de variación acumulada;2018M01;11.90
10 Comunitat Valenciana;Tasa de variación acumulada;2017M12;15.45
10 Comunitat Valenciana;Tasa de variación acumulada;2017M11;15.75
10 Comunitat Valenciana;Tasa de variación acumulada;2017M10;15.54
10 Comunitat Valenciana;Tasa de variación acumulada;2017M09;16.62
10 Comunitat Valenciana;Tasa de variación acumulada;2017M08;15.26
10 Comunitat Valenciana;Tasa de variación acumulada;2017M07;18.24
10 Comunitat Valenciana;Tasa de variación acumulada;2017M06;18.64
10 Comunitat Valenciana;Tasa de variación acumulada;2017M05;18.33
10 Comunitat Valenciana;Tasa de variación acumulada;2017M04;17.72
10 Comunitat Valenciana;Tasa de variación acumulada;2017M03;18.36
10 Comunitat Valenciana;Tasa de variación acumulada;2017M02;24.65
10 Comunitat Valenciana;Tasa de variación acumulada;2017M01;26.65
10 Comunitat Valenciana;Tasa de variación acumulada;2016M12;17.63
10 Comunitat Valenciana;Tasa de variación acumulada;2016M11;17.79
10 Comunitat Valenciana;Tasa de variación acumulada;2016M10;17.76
10 Comunitat Valenciana;Tasa de variación acumulada;2016M09;17.26
10 Comunitat Valenciana;Tasa de variación acumulada;2016M08;17.49
10 Comunitat Valenciana;Tasa de variación acumulada;2016M07;19.14
10 Comunitat Valenciana;Tasa de variación acumulada;2016M06;20.38
10 Comunitat Valenciana;Tasa de variación acumulada;2016M05;21.91
10 Comunitat Valenciana;Tasa de variación acumulada;2016M04;22.20
10 Comunitat Valenciana;Tasa de variación acumulada;2016M03;25.69
10 Comunitat Valenciana;Tasa de variación acumulada;2016M02;25.95
10 Comunitat Valenciana;Tasa de variación acumulada;2016M01;24.32
10 Comunitat Valenciana;Tasa de variación acumulada;2015M12;
10 Comunitat Valenciana;Tasa de variación acumulada;2015M11;
10 Comunitat Valenciana;Tasa de variación acumulada;2015M10;
13 Madrid, Comunidad de;Dato base;2020M03;251590.00
13 Madrid, Comunidad de;Dato base;2020M02;518261.00
13 Madrid, Comunidad de;Dato base;2020M01;611422.00
13 Madrid, Comunidad de;Dato base;2019M12;529059.00
13 Madrid, Comunidad de;Dato base;2019M11;665852.00
13 Madrid, Comunidad de;Dato base;2019M10;750773.00
13 Madrid, Comunidad de;Dato base;2019M09;669208.00
13 Madrid, Comunidad de;Dato base;2019M08;541890.00
13 Madrid, Comunidad de;Dato base;2019M07;626996.00
13 Madrid, Comunidad de;Dato base;2019M06;693021.00
13 Madrid, Comunidad de;Dato base;2019M05;753952.00
13 Madrid, Comunidad de;Dato base;2019M04;641086.00
13 Madrid, Comunidad de;Dato base;2019M03;683364.00
13 Madrid, Comunidad de;Dato base;2019M02;499245.00
13 Madrid, Comunidad de;Dato base;2019M01;584339.00
13 Madrid, Comunidad de;Dato base;2018M12;526753.00
13 Madrid, Comunidad de;Dato base;2018M11;603691.00
13 Madrid, Comunidad de;Dato base;2018M10;709987.00
13 Madrid, Comunidad de;Dato base;2018M09;697128.00
13 Madrid, Comunidad de;Dato base;2018M08;507079.00
13 Madrid, Comunidad de;Dato base;2018M07;619516.00
13 Madrid, Comunidad de;Dato base;2018M06;603147.00
13 Madrid, Comunidad de;Dato base;2018M05;659045.00
13 Madrid, Comunidad de;Dato base;2018M04;631303.00
13 Madrid, Comunidad de;Dato base;2018M03;560178.00
13 Madrid, Comunidad de;Dato base;2018M02;485810.00
13 Madrid, Comunidad de;Dato base;2018M01;536137.00
13 Madrid, Comunidad de;Dato base;2017M12;476155.00
13 Madrid, Comunidad de;Dato base;2017M11;534430.00
13 Madrid, Comunidad de;Dato base;2017M10;628904.00
13 Madrid, Comunidad de;Dato base;2017M09;639120.00
13 Madrid, Comunidad de;Dato base;2017M08;530335.00
13 Madrid, Comunidad de;Dato base;2017M07;579523.00
13 Madrid, Comunidad de;Dato base;2017M06;594801.00
13 Madrid, Comunidad de;Dato base;2017M05;624915.00
13 Madrid, Comunidad de;Dato base;2017M04;672738.00
13 Madrid, Comunidad de;Dato base;2017M03;478054.00
13 Madrid, Comunidad de;Dato base;2017M02;450927.00
13 Madrid, Comunidad de;Dato base;2017M01;489884.00
13 Madrid, Comunidad de;Dato base;2016M12;431820.00
13 Madrid, Comunidad de;Dato base;2016M11;454904.00
13 Madrid, Comunidad de;Dato base;2016M10;584304.00
13 Madrid, Comunidad de;Dato base;2016M09;581127.00
13 Madrid, Comunidad de;Dato base;2016M08;491071.00
13 Madrid, Comunidad de;Dato base;2016M07;514073.00
13 Madrid, Comunidad de;Dato base;2016M06;455275.00
13 Madrid, Comunidad de;Dato base;2016M05;559893.00
13 Madrid, Comunidad de;Dato base;2016M04;600945.00
13 Madrid, Comunidad de;Dato base;2016M03;379512.00
13 Madrid, Comunidad de;Dato base;2016M02;332794.00
13 Madrid, Comunidad de;Dato base;2016M01;397420.00
13 Madrid, Comunidad de;Dato base;2015M12;332461.00
13 Madrid, Comunidad de;Dato base;2015M11;371205.00
13 Madrid, Comunidad de;Dato base;2015M10;562247.00
13 Madrid, Comunidad de;Tasa de variación anual;2020M03;-63.18
13 Madrid, Comunidad de;Tasa de variación anual;2020M02;3.81
13 Madrid, Comunidad de;Tasa de variación anual;2020M01;4.63
13 Madrid, Comunidad de;Tasa de variación anual;2019M12;0.44
13 Madrid, Comunidad de;Tasa de variación anual;2019M11;10.30
13 Madrid, Comunidad de;Tasa de variación anual;2019M10;5.74
13 Madrid, Comunidad de;Tasa de variación anual;2019M09;-4.01
13 Madrid, Comunidad de;Tasa de variación anual;2019M08;6.87
13 Madrid, Comunidad de;Tasa de variación anual;2019M07;1.21
13 Madrid, Comunidad de;Tasa de variación anual;2019M06;14.90
13 Madrid, Comunidad de;Tasa de variación anual;2019M05;14.40
13 Madrid, Comunidad de;Tasa de variación anual;2019M04;1.55
13 Madrid, Comunidad de;Tasa de variación anual;2019M03;21.99
13 Madrid, Comunidad de;Tasa de variación anual;2019M02;2.77
13 Madrid, Comunidad de;Tasa de variación anual;2019M01;8.99
13 Madrid, Comunidad de;Tasa de variación anual;2018M12;10.63
13 Madrid, Comunidad de;Tasa de variación anual;2018M11;12.96
13 Madrid, Comunidad de;Tasa de variación anual;2018M10;12.89
13 Madrid, Comunidad de;Tasa de variación anual;2018M09;9.08
13 Madrid, Comunidad de;Tasa de variación anual;2018M08;-4.39
13 Madrid, Comunidad de;Tasa de variación anual;2018M07;6.90
13 Madrid, Comunidad de;Tasa de variación anual;2018M06;1.40
13 Madrid, Comunidad de;Tasa de variación anual;2018M05;5.46
13 Madrid, Comunidad de;Tasa de variación anual;2018M04;-6.16
13 Madrid, Comunidad de;Tasa de variación anual;2018M03;17.18
13 Madrid, Comunidad de;Tasa de variación anual;2018M02;7.74
13 Madrid, Comunidad de;Tasa de variación anual;2018M01;9.44
13 Madrid, Comunidad de;Tasa de variación anual;2017M12;10.27
13 Madrid, Comunidad de;Tasa de variación anual;2017M11;17.48
13 Madrid, Comunidad de;Tasa de variación anual;2017M10;7.63
13 Madrid, Comunidad de;Tasa de variación anual;2017M09;9.98
13 Madrid, Comunidad de;Tasa de variación anual;2017M08;8.00
13 Madrid, Comunidad de;Tasa de variación anual;2017M07;12.73
13 Madrid, Comunidad de;Tasa de variación anual;2017M06;30.65
13 Madrid, Comunidad de;Tasa de variación anual;2017M05;11.61
13 Madrid, Comunidad de;Tasa de variación anual;2017M04;11.95
13 Madrid, Comunidad de;Tasa de variación anual;2017M03;25.97
13 Madrid, Comunidad de;Tasa de variación anual;2017M02;35.50
13 Madrid, Comunidad de;Tasa de variación anual;2017M01;23.27
13 Madrid, Comunidad de;Tasa de variación anual;2016M12;29.89
13 Madrid, Comunidad de;Tasa de variación anual;2016M11;22.55
13 Madrid, Comunidad de;Tasa de variación anual;2016M10;3.92
13 Madrid, Comunidad de;Tasa de variación anual;2016M09;23.50
13 Madrid, Comunidad de;Tasa de variación anual;2016M08;18.25
13 Madrid, Comunidad de;Tasa de variación anual;2016M07;16.99
13 Madrid, Comunidad de;Tasa de variación anual;2016M06;17.87
13 Madrid, Comunidad de;Tasa de variación anual;2016M05;2.75
13 Madrid, Comunidad de;Tasa de variación anual;2016M04;14.64
13 Madrid, Comunidad de;Tasa de variación anual;2016M03;4.01
13 Madrid, Comunidad de;Tasa de variación anual;2016M02;7.29
13 Madrid, Comunidad de;Tasa de variación anual;2016M01;14.05
13 Madrid, Comunidad de;Tasa de variación anual;2015M12;7.94
13 Madrid, Comunidad de;Tasa de variación anual;2015M11;14.04
13 Madrid, Comunidad de;Tasa de variación anual;2015M10;19.00
13 Madrid, Comunidad de;Acumulado en lo que va de año;2020M03;1381272.00
13 Madrid, Comunidad de;Acumulado en lo que va de año;2020M02;1129682.00
13 Madrid, Comunidad de;Acumulado en lo que va de año;2020M01;611422.00
13 Madrid, Comunidad de;Acumulado en lo que va de año;2019M12;7638375.00
13 Madrid, Comunidad de;Acumulado en lo que va de año;2019M11;7109316.00
13 Madrid, Comunidad de;Acumulado en lo que va de año;2019M10;6443464.00
13 Madrid, Comunidad de;Acumulado en lo que va de año;2019M09;5692691.00
13 Madrid, Comunidad de;Acumulado en lo que va de año;2019M08;5023484.00
13 Madrid, Comunidad de;Acumulado en lo que va de año;2019M07;4481594.00
13 Madrid, Comunidad de;Acumulado en lo que va de año;2019M06;3854597.00
13 Madrid, Comunidad de;Acumulado en lo que va de año;2019M05;3161576.00
13 Madrid, Comunidad de;Acumulado en lo que va de año;2019M04;2407624.00
13 Madrid, Comunidad de;Acumulado en lo que va de año;2019M03;1766947.00
13 Madrid, Comunidad de;Acumulado en lo que va de año;2019M02;1083584.00
13 Madrid, Comunidad de;Acumulado en lo que va de año;2019M01;584339.00
13 Madrid, Comunidad de;Acumulado en lo que va de año;2018M12;7139775.00
13 Madrid, Comunidad de;Acumulado en lo que va de año;2018M11;6613021.00
13 Madrid, Comunidad de;Acumulado en lo que va de año;2018M10;6009330.00
13 Madrid, Comunidad de;Acumulado en lo que va de año;2018M09;5299343.00
13 Madrid, Comunidad de;Acumulado en lo que va de año;2018M08;4602215.00
13 Madrid, Comunidad de;Acumulado en lo que va de año;2018M07;4095136.00
13 Madrid, Comunidad de;Acumulado en lo que va de año;2018M06;3475620.00
13 Madrid, Comunidad de;Acumulado en lo que va de año;2018M05;2872473.00
13 Madrid, Comunidad de;Acumulado en lo que va de año;2018M04;2213428.00
13 Madrid, Comunidad de;Acumulado en lo que va de año;2018M03;1582125.00
13 Madrid, Comunidad de;Acumulado en lo que va de año;2018M02;1021947.00
13 Madrid, Comunidad de;Acumulado en lo que va de año;2018M01;536137.00
13 Madrid, Comunidad de;Acumulado en lo que va de año;2017M12;6699785.00
13 Madrid, Comunidad de;Acumulado en lo que va de año;2017M11;6223630.00
13 Madrid, Comunidad de;Acumulado en lo que va de año;2017M10;5689200.00
13 Madrid, Comunidad de;Acumulado en lo que va de año;2017M09;5060296.00
13 Madrid, Comunidad de;Acumulado en lo que va de año;2017M08;4421176.00
13 Madrid, Comunidad de;Acumulado en lo que va de año;2017M07;3890841.00
13 Madrid, Comunidad de;Acumulado en lo que va de año;2017M06;3311318.00
13 Madrid, Comunidad de;Acumulado en lo que va de año;2017M05;2716517.00
13 Madrid, Comunidad de;Acumulado en lo que va de año;2017M04;2091602.00
13 Madrid, Comunidad de;Acumulado en lo que va de año;2017M03;1418864.00
13 Madrid, Comunidad de;Acumulado en lo que va de año;2017M02;940811.00
13 Madrid, Comunidad de;Acumulado en lo que va de año;2017M01;489884.00
13 Madrid, Comunidad de;Acumulado en lo que va de año;2016M12;5783137.00
13 Madrid, Comunidad de;Acumulado en lo que va de año;2016M11;5351317.00
13 Madrid, Comunidad de;Acumulado en lo que va de año;2016M10;4896413.00
13 Madrid, Comunidad de;Acumulado en lo que va de año;2016M09;4312109.00
13 Madrid, Comunidad de;Acumulado en lo que va de año;2016M08;3730982.00
13 Madrid, Comunidad de;Acumulado en lo que va de año;2016M07;3239911.00
13 Madrid, Comunidad de;Acumulado en lo que va de año;2016M06;2725838.00
13 Madrid, Comunidad de;Acumulado en lo que va de año;2016M05;2270564.00
13 Madrid, Comunidad de;Acumulado en lo que va de año;2016M04;1710671.00
13 Madrid, Comunidad de;Acumulado en lo que va de año;2016M03;1109726.00
13 Madrid, Comunidad de;Acumulado en lo que va de año;2016M02;730214.00
13 Madrid, Comunidad de;Acumulado en lo que va de año;2016M01;397420.00
13 Madrid, Comunidad de;Acumulado en lo que va de año;2015M12;
13 Madrid, Comunidad de;Acumulado en lo que va de año;2015M11;
13 Madrid, Comunidad de;Acumulado en lo que va de año;2015M10;
13 Madrid, Comunidad de;Tasa de variación acumulada;2020M03;-21.83
13 Madrid, Comunidad de;Tasa de variación acumulada;2020M02;4.25
13 Madrid, Comunidad de;Tasa de variación acumulada;2020M01;4.63
13 Madrid, Comunidad de;Tasa de variación acumulada;2019M12;6.98
13 Madrid, Comunidad de;Tasa de variación acumulada;2019M11;7.50
13 Madrid, Comunidad de;Tasa de variación acumulada;2019M10;7.22
13 Madrid, Comunidad de;Tasa de variación acumulada;2019M09;7.42
13 Madrid, Comunidad de;Tasa de variación acumulada;2019M08;9.15
13 Madrid, Comunidad de;Tasa de variación acumulada;2019M07;9.44
13 Madrid, Comunidad de;Tasa de variación acumulada;2019M06;10.90
13 Madrid, Comunidad de;Tasa de variación acumulada;2019M05;10.06
13 Madrid, Comunidad de;Tasa de variación acumulada;2019M04;8.77
13 Madrid, Comunidad de;Tasa de variación acumulada;2019M03;11.68
13 Madrid, Comunidad de;Tasa de variación acumulada;2019M02;6.03
13 Madrid, Comunidad de;Tasa de variación acumulada;2019M01;8.99
13 Madrid, Comunidad de;Tasa de variación acumulada;2018M12;6.57
13 Madrid, Comunidad de;Tasa de variación acumulada;2018M11;6.26
13 Madrid, Comunidad de;Tasa de variación acumulada;2018M10;5.63
13 Madrid, Comunidad de;Tasa de variación acumulada;2018M09;4.72
13 Madrid, Comunidad de;Tasa de variación acumulada;2018M08;4.09
13 Madrid, Comunidad de;Tasa de variación acumulada;2018M07;5.25
13 Madrid, Comunidad de;Tasa de variación acumulada;2018M06;4.96
13 Madrid, Comunidad de;Tasa de variación acumulada;2018M05;5.74
13 Madrid, Comunidad de;Tasa de variación acumulada;2018M04;5.82
13 Madrid, Comunidad de;Tasa de variación acumulada;2018M03;11.51
13 Madrid, Comunidad de;Tasa de variación acumulada;2018M02;8.62
13 Madrid, Comunidad de;Tasa de variación acumulada;2018M01;9.44
13 Madrid, Comunidad de;Tasa de variación acumulada;2017M12;15.85
13 Madrid, Comunidad de;Tasa de variación acumulada;2017M11;16.30
13 Madrid, Comunidad de;Tasa de variación acumulada;2017M10;16.19
13 Madrid, Comunidad de;Tasa de variación acumulada;2017M09;17.35
13 Madrid, Comunidad de;Tasa de variación acumulada;2017M08;18.50
13 Madrid, Comunidad de;Tasa de variación acumulada;2017M07;20.09
13 Madrid, Comunidad de;Tasa de variación acumulada;2017M06;21.48
13 Madrid, Comunidad de;Tasa de variación acumulada;2017M05;19.64
13 Madrid, Comunidad de;Tasa de variación acumulada;2017M04;22.27
13 Madrid, Comunidad de;Tasa de variación acumulada;2017M03;27.86
13 Madrid, Comunidad de;Tasa de variación acumulada;2017M02;28.84
13 Madrid, Comunidad de;Tasa de variación acumulada;2017M01;23.27
13 Madrid, Comunidad de;Tasa de variación acumulada;2016M12;14.06
13 Madrid, Comunidad de;Tasa de variación acumulada;2016M11;12.95
13 Madrid, Comunidad de;Tasa de variación acumulada;2016M10;12.14
13 Madrid, Comunidad de;Tasa de variación acumulada;2016M09;13.35
13 Madrid, Comunidad de;Tasa de variación acumulada;2016M08;11.92
13 Madrid, Comunidad de;Tasa de variación acumulada;2016M07;11.02
13 Madrid, Comunidad de;Tasa de variación acumulada;2016M06;9.96
13 Madrid, Comunidad de;Tasa de variación acumulada;2016M05;8.50
13 Madrid, Comunidad de;Tasa de variación acumulada;2016M04;10.53
13 Madrid, Comunidad de;Tasa de variación acumulada;2016M03;8.42
13 Madrid, Comunidad de;Tasa de variación acumulada;2016M02;10.87
13 Madrid, Comunidad de;Tasa de variación acumulada;2016M01;14.05
13 Madrid, Comunidad de;Tasa de variación acumulada;2015M12;
13 Madrid, Comunidad de;Tasa de variación acumulada;2015M11;
13 Madrid, Comunidad de;Tasa de variación acumulada;2015M10;
Otras Comunidades Autónomas;Dato base;2020M03;227439.00
Otras Comunidades Autónomas;Dato base;2020M02;430976.00
Otras Comunidades Autónomas;Dato base;2020M01;412262.00
Otras Comunidades Autónomas;Dato base;2019M12;450772.00
Otras Comunidades Autónomas;Dato base;2019M11;433271.00
Otras Comunidades Autónomas;Dato base;2019M10;738323.00
Otras Comunidades Autónomas;Dato base;2019M09;850056.00
Otras Comunidades Autónomas;Dato base;2019M08;1255888.00
Otras Comunidades Autónomas;Dato base;2019M07;998490.00
Otras Comunidades Autónomas;Dato base;2019M06;807329.00
Otras Comunidades Autónomas;Dato base;2019M05;698557.00
Otras Comunidades Autónomas;Dato base;2019M04;695662.00
Otras Comunidades Autónomas;Dato base;2019M03;487515.00
Otras Comunidades Autónomas;Dato base;2019M02;400651.00
Otras Comunidades Autónomas;Dato base;2019M01;411955.00
Otras Comunidades Autónomas;Dato base;2018M12;438778.00
Otras Comunidades Autónomas;Dato base;2018M11;424567.00
Otras Comunidades Autónomas;Dato base;2018M10;731627.00
Otras Comunidades Autónomas;Dato base;2018M09;831695.00
Otras Comunidades Autónomas;Dato base;2018M08;1239564.00
Otras Comunidades Autónomas;Dato base;2018M07;962995.00
Otras Comunidades Autónomas;Dato base;2018M06;653738.00
Otras Comunidades Autónomas;Dato base;2018M05;761962.00
Otras Comunidades Autónomas;Dato base;2018M04;730316.00
Otras Comunidades Autónomas;Dato base;2018M03;453476.00
Otras Comunidades Autónomas;Dato base;2018M02;337950.00
Otras Comunidades Autónomas;Dato base;2018M01;413842.00
Otras Comunidades Autónomas;Dato base;2017M12;416889.00
Otras Comunidades Autónomas;Dato base;2017M11;437748.00
Otras Comunidades Autónomas;Dato base;2017M10;645718.00
Otras Comunidades Autónomas;Dato base;2017M09;808077.00
Otras Comunidades Autónomas;Dato base;2017M08;1200137.00
Otras Comunidades Autónomas;Dato base;2017M07;1111660.00
Otras Comunidades Autónomas;Dato base;2017M06;635744.00
Otras Comunidades Autónomas;Dato base;2017M05;651158.00
Otras Comunidades Autónomas;Dato base;2017M04;605784.00
Otras Comunidades Autónomas;Dato base;2017M03;424202.00
Otras Comunidades Autónomas;Dato base;2017M02;318335.00
Otras Comunidades Autónomas;Dato base;2017M01;344125.00
Otras Comunidades Autónomas;Dato base;2016M12;388197.00
Otras Comunidades Autónomas;Dato base;2016M11;392468.00
Otras Comunidades Autónomas;Dato base;2016M10;622031.00
Otras Comunidades Autónomas;Dato base;2016M09;721945.00
Otras Comunidades Autónomas;Dato base;2016M08;1139144.00
Otras Comunidades Autónomas;Dato base;2016M07;883891.00
Otras Comunidades Autónomas;Dato base;2016M06;577033.00
Otras Comunidades Autónomas;Dato base;2016M05;549674.00
Otras Comunidades Autónomas;Dato base;2016M04;556678.00
Otras Comunidades Autónomas;Dato base;2016M03;408953.00
Otras Comunidades Autónomas;Dato base;2016M02;293232.00
Otras Comunidades Autónomas;Dato base;2016M01;280922.00
Otras Comunidades Autónomas;Dato base;2015M12;373199.00
Otras Comunidades Autónomas;Dato base;2015M11;318319.00
Otras Comunidades Autónomas;Dato base;2015M10;641412.00
Otras Comunidades Autónomas;Tasa de variación anual;2020M03;-53.35
Otras Comunidades Autónomas;Tasa de variación anual;2020M02;7.57
Otras Comunidades Autónomas;Tasa de variación anual;2020M01;0.07
Otras Comunidades Autónomas;Tasa de variación anual;2019M12;2.73
Otras Comunidades Autónomas;Tasa de variación anual;2019M11;2.05
Otras Comunidades Autónomas;Tasa de variación anual;2019M10;0.92
Otras Comunidades Autónomas;Tasa de variación anual;2019M09;2.21
Otras Comunidades Autónomas;Tasa de variación anual;2019M08;1.32
Otras Comunidades Autónomas;Tasa de variación anual;2019M07;3.69
Otras Comunidades Autónomas;Tasa de variación anual;2019M06;23.49
Otras Comunidades Autónomas;Tasa de variación anual;2019M05;-8.32
Otras Comunidades Autónomas;Tasa de variación anual;2019M04;-4.75
Otras Comunidades Autónomas;Tasa de variación anual;2019M03;7.51
Otras Comunidades Autónomas;Tasa de variación anual;2019M02;18.55
Otras Comunidades Autónomas;Tasa de variación anual;2019M01;-0.46
Otras Comunidades Autónomas;Tasa de variación anual;2018M12;5.25
Otras Comunidades Autónomas;Tasa de variación anual;2018M11;-3.01
Otras Comunidades Autónomas;Tasa de variación anual;2018M10;13.30
Otras Comunidades Autónomas;Tasa de variación anual;2018M09;2.92
Otras Comunidades Autónomas;Tasa de variación anual;2018M08;3.29
Otras Comunidades Autónomas;Tasa de variación anual;2018M07;-13.37
Otras Comunidades Autónomas;Tasa de variación anual;2018M06;2.83
Otras Comunidades Autónomas;Tasa de variación anual;2018M05;17.02
Otras Comunidades Autónomas;Tasa de variación anual;2018M04;20.56
Otras Comunidades Autónomas;Tasa de variación anual;2018M03;6.90
Otras Comunidades Autónomas;Tasa de variación anual;2018M02;6.16
Otras Comunidades Autónomas;Tasa de variación anual;2018M01;20.26
Otras Comunidades Autónomas;Tasa de variación anual;2017M12;7.39
Otras Comunidades Autónomas;Tasa de variación anual;2017M11;11.54
Otras Comunidades Autónomas;Tasa de variación anual;2017M10;3.81
Otras Comunidades Autónomas;Tasa de variación anual;2017M09;11.93
Otras Comunidades Autónomas;Tasa de variación anual;2017M08;5.35
Otras Comunidades Autónomas;Tasa de variación anual;2017M07;25.77
Otras Comunidades Autónomas;Tasa de variación anual;2017M06;10.17
Otras Comunidades Autónomas;Tasa de variación anual;2017M05;18.46
Otras Comunidades Autónomas;Tasa de variación anual;2017M04;8.82
Otras Comunidades Autónomas;Tasa de variación anual;2017M03;3.73
Otras Comunidades Autónomas;Tasa de variación anual;2017M02;8.56
Otras Comunidades Autónomas;Tasa de variación anual;2017M01;22.50
Otras Comunidades Autónomas;Tasa de variación anual;2016M12;4.02
Otras Comunidades Autónomas;Tasa de variación anual;2016M11;23.29
Otras Comunidades Autónomas;Tasa de variación anual;2016M10;-3.02
Otras Comunidades Autónomas;Tasa de variación anual;2016M09;3.65
Otras Comunidades Autónomas;Tasa de variación anual;2016M08;6.83
Otras Comunidades Autónomas;Tasa de variación anual;2016M07;-1.79
Otras Comunidades Autónomas;Tasa de variación anual;2016M06;10.91
Otras Comunidades Autónomas;Tasa de variación anual;2016M05;4.57
Otras Comunidades Autónomas;Tasa de variación anual;2016M04;12.93
Otras Comunidades Autónomas;Tasa de variación anual;2016M03;16.93
Otras Comunidades Autónomas;Tasa de variación anual;2016M02;1.99
Otras Comunidades Autónomas;Tasa de variación anual;2016M01;-8.65
Otras Comunidades Autónomas;Tasa de variación anual;2015M12;6.53
Otras Comunidades Autónomas;Tasa de variación anual;2015M11;18.22
Otras Comunidades Autónomas;Tasa de variación anual;2015M10;25.74
Otras Comunidades Autónomas;Acumulado en lo que va de año;2020M03;1070677.00
Otras Comunidades Autónomas;Acumulado en lo que va de año;2020M02;843238.00
Otras Comunidades Autónomas;Acumulado en lo que va de año;2020M01;412262.00
Otras Comunidades Autónomas;Acumulado en lo que va de año;2019M12;8230917.00
Otras Comunidades Autónomas;Acumulado en lo que va de año;2019M11;7780145.00
Otras Comunidades Autónomas;Acumulado en lo que va de año;2019M10;7346874.00
Otras Comunidades Autónomas;Acumulado en lo que va de año;2019M09;6608551.00
Otras Comunidades Autónomas;Acumulado en lo que va de año;2019M08;5758494.00
Otras Comunidades Autónomas;Acumulado en lo que va de año;2019M07;4502607.00
Otras Comunidades Autónomas;Acumulado en lo que va de año;2019M06;3504117.00
Otras Comunidades Autónomas;Acumulado en lo que va de año;2019M05;2696788.00
Otras Comunidades Autónomas;Acumulado en lo que va de año;2019M04;1998230.00
Otras Comunidades Autónomas;Acumulado en lo que va de año;2019M03;1300121.00
Otras Comunidades Autónomas;Acumulado en lo que va de año;2019M02;812606.00
Otras Comunidades Autónomas;Acumulado en lo que va de año;2019M01;411955.00
Otras Comunidades Autónomas;Acumulado en lo que va de año;2018M12;7980511.00
Otras Comunidades Autónomas;Acumulado en lo que va de año;2018M11;7541733.00
Otras Comunidades Autónomas;Acumulado en lo que va de año;2018M10;7117166.00
Otras Comunidades Autónomas;Acumulado en lo que va de año;2018M09;6385538.00
Otras Comunidades Autónomas;Acumulado en lo que va de año;2018M08;5553844.00
Otras Comunidades Autónomas;Acumulado en lo que va de año;2018M07;4314279.00
Otras Comunidades Autónomas;Acumulado en lo que va de año;2018M06;3351284.00
Otras Comunidades Autónomas;Acumulado en lo que va de año;2018M05;2697546.00
Otras Comunidades Autónomas;Acumulado en lo que va de año;2018M04;1935584.00
Otras Comunidades Autónomas;Acumulado en lo que va de año;2018M03;1205268.00
Otras Comunidades Autónomas;Acumulado en lo que va de año;2018M02;751792.00
Otras Comunidades Autónomas;Acumulado en lo que va de año;2018M01;413842.00
Otras Comunidades Autónomas;Acumulado en lo que va de año;2017M12;7599577.00
Otras Comunidades Autónomas;Acumulado en lo que va de año;2017M11;7182688.00
Otras Comunidades Autónomas;Acumulado en lo que va de año;2017M10;6744940.00
Otras Comunidades Autónomas;Acumulado en lo que va de año;2017M09;6099222.00
Otras Comunidades Autónomas;Acumulado en lo que va de año;2017M08;5291145.00
Otras Comunidades Autónomas;Acumulado en lo que va de año;2017M07;4091008.00
Otras Comunidades Autónomas;Acumulado en lo que va de año;2017M06;2979348.00
Otras Comunidades Autónomas;Acumulado en lo que va de año;2017M05;2343604.00
Otras Comunidades Autónomas;Acumulado en lo que va de año;2017M04;1692446.00
Otras Comunidades Autónomas;Acumulado en lo que va de año;2017M03;1086662.00
Otras Comunidades Autónomas;Acumulado en lo que va de año;2017M02;662460.00
Otras Comunidades Autónomas;Acumulado en lo que va de año;2017M01;344125.00
Otras Comunidades Autónomas;Acumulado en lo que va de año;2016M12;6814166.00
Otras Comunidades Autónomas;Acumulado en lo que va de año;2016M11;6425970.00
Otras Comunidades Autónomas;Acumulado en lo que va de año;2016M10;6033501.00
Otras Comunidades Autónomas;Acumulado en lo que va de año;2016M09;5411471.00
Otras Comunidades Autónomas;Acumulado en lo que va de año;2016M08;4689526.00
Otras Comunidades Autónomas;Acumulado en lo que va de año;2016M07;3550382.00
Otras Comunidades Autónomas;Acumulado en lo que va de año;2016M06;2666492.00
Otras Comunidades Autónomas;Acumulado en lo que va de año;2016M05;2089458.00
Otras Comunidades Autónomas;Acumulado en lo que va de año;2016M04;1539785.00
Otras Comunidades Autónomas;Acumulado en lo que va de año;2016M03;983106.00
Otras Comunidades Autónomas;Acumulado en lo que va de año;2016M02;574153.00
Otras Comunidades Autónomas;Acumulado en lo que va de año;2016M01;280922.00
Otras Comunidades Autónomas;Acumulado en lo que va de año;2015M12;
Otras Comunidades Autónomas;Acumulado en lo que va de año;2015M11;
Otras Comunidades Autónomas;Acumulado en lo que va de año;2015M10;
Otras Comunidades Autónomas;Tasa de variación acumulada;2020M03;-17.65
Otras Comunidades Autónomas;Tasa de variación acumulada;2020M02;3.77
Otras Comunidades Autónomas;Tasa de variación acumulada;2020M01;0.07
Otras Comunidades Autónomas;Tasa de variación acumulada;2019M12;3.14
Otras Comunidades Autónomas;Tasa de variación acumulada;2019M11;3.16
Otras Comunidades Autónomas;Tasa de variación acumulada;2019M10;3.23
Otras Comunidades Autónomas;Tasa de variación acumulada;2019M09;3.49
Otras Comunidades Autónomas;Tasa de variación acumulada;2019M08;3.68
Otras Comunidades Autónomas;Tasa de variación acumulada;2019M07;4.37
Otras Comunidades Autónomas;Tasa de variación acumulada;2019M06;4.56
Otras Comunidades Autónomas;Tasa de variación acumulada;2019M05;-0.03
Otras Comunidades Autónomas;Tasa de variación acumulada;2019M04;3.24
Otras Comunidades Autónomas;Tasa de variación acumulada;2019M03;7.87
Otras Comunidades Autónomas;Tasa de variación acumulada;2019M02;8.09
Otras Comunidades Autónomas;Tasa de variación acumulada;2019M01;-0.46
Otras Comunidades Autónomas;Tasa de variación acumulada;2018M12;5.01
Otras Comunidades Autónomas;Tasa de variación acumulada;2018M11;5.00
Otras Comunidades Autónomas;Tasa de variación acumulada;2018M10;5.52
Otras Comunidades Autónomas;Tasa de variación acumulada;2018M09;4.69
Otras Comunidades Autónomas;Tasa de variación acumulada;2018M08;4.96
Otras Comunidades Autónomas;Tasa de variación acumulada;2018M07;5.46
Otras Comunidades Autónomas;Tasa de variación acumulada;2018M06;12.48
Otras Comunidades Autónomas;Tasa de variación acumulada;2018M05;15.10
Otras Comunidades Autónomas;Tasa de variación acumulada;2018M04;14.37
Otras Comunidades Autónomas;Tasa de variación acumulada;2018M03;10.91
Otras Comunidades Autónomas;Tasa de variación acumulada;2018M02;13.48
Otras Comunidades Autónomas;Tasa de variación acumulada;2018M01;20.26
Otras Comunidades Autónomas;Tasa de variación acumulada;2017M12;11.53
Otras Comunidades Autónomas;Tasa de variación acumulada;2017M11;11.78
Otras Comunidades Autónomas;Tasa de variación acumulada;2017M10;11.79
Otras Comunidades Autónomas;Tasa de variación acumulada;2017M09;12.71
Otras Comunidades Autónomas;Tasa de variación acumulada;2017M08;12.83
Otras Comunidades Autónomas;Tasa de variación acumulada;2017M07;15.23
Otras Comunidades Autónomas;Tasa de variación acumulada;2017M06;11.73
Otras Comunidades Autónomas;Tasa de variación acumulada;2017M05;12.16
Otras Comunidades Autónomas;Tasa de variación acumulada;2017M04;9.91
Otras Comunidades Autónomas;Tasa de variación acumulada;2017M03;10.53
Otras Comunidades Autónomas;Tasa de variación acumulada;2017M02;15.38
Otras Comunidades Autónomas;Tasa de variación acumulada;2017M01;22.50
Otras Comunidades Autónomas;Tasa de variación acumulada;2016M12;5.17
Otras Comunidades Autónomas;Tasa de variación acumulada;2016M11;5.24
Otras Comunidades Autónomas;Tasa de variación acumulada;2016M10;4.24
Otras Comunidades Autónomas;Tasa de variación acumulada;2016M09;5.15
Otras Comunidades Autónomas;Tasa de variación acumulada;2016M08;5.38
Otras Comunidades Autónomas;Tasa de variación acumulada;2016M07;4.93
Otras Comunidades Autónomas;Tasa de variación acumulada;2016M06;7.36
Otras Comunidades Autónomas;Tasa de variación acumulada;2016M05;6.42
Otras Comunidades Autónomas;Tasa de variación acumulada;2016M04;7.10
Otras Comunidades Autónomas;Tasa de variación acumulada;2016M03;4.06
Otras Comunidades Autónomas;Tasa de variación acumulada;2016M02;-3.51
Otras Comunidades Autónomas;Tasa de variación acumulada;2016M01;-8.65
Otras Comunidades Autónomas;Tasa de variación acumulada;2015M12;
Otras Comunidades Autónomas;Tasa de variación acumulada;2015M11;
Otras Comunidades Autónomas;Tasa de variación acumulada;2015M10;
